Spreadsheet,IU Barcode,Row
OregonfromIUCAT_20180110_PassedTest_NOCATALOGKEY.csv,30000147496404,5,"
"
OregonfromIUCAT_20180110_PassedTest_NOCATALOGKEY.csv,30000147572816,691,"
"
OregonfromIUCAT_20180110_PassedTest_NOCATALOGKEY.csv,30000147495489,694,"
"
OregonfromIUCAT_20180110_PassedTest_NOCATALOGKEY.csv,30000147483006,695,"
"
OregonfromIUCAT_20180110_PassedTest_NOCATALOGKEY.csv,30000147497378,766,"
"
OregonfromIUCAT_20180110_PassedTest_NOCATALOGKEY.csv,30000147483014,773,"
"
OregonfromIUCAT_20180110_PassedTest_NOCATALOGKEY.csv,30000147495430,846,"
"
OregonfromIUCAT_20180110_PassedTest_NOCATALOGKEY.csv,30000147483501,851,"
"
OregonfromIUCAT_20180110_PassedTest_NOCATALOGKEY.csv,30000147483519,852,"
"
OregonfromIUCAT_20180110_PassedTest_NOCATALOGKEY.csv,30000147574085,855,"
"
OregonfromIUCAT_20180110_PassedTest_NOCATALOGKEY.csv,30000147574101,856,"
"
OregonfromIUCAT_20180110_PassedTest_NOCATALOGKEY.csv,30000147483105,858,"
"
OregonfromIUCAT_20180110_PassedTest_NOCATALOGKEY.csv,30000147498558,955,"
"
OregonfromIUCAT_20180110_PassedTest_NOCATALOGKEY.csv,30000147507028,1202,"
"
OregonfromIUCAT_20180110_PassedTest_NOCATALOGKEY.csv,30000147507226,1320,"
"
OregonfromIUCAT_20180110_PassedTest_NOCATALOGKEY.csv,30000147508935,1425,"
"
OregonfromIUCAT_20180110_PassedTest_NOCATALOGKEY.csv,30000147508943,1426,"
"
OregonfromIUCAT_20180110_PassedTest_NOCATALOGKEY.csv,30000147482685,1467,"
"
OregonfromIUCAT_20180110_PassedTest_NOCATALOGKEY.csv,30000147482693,1468,"
"
OregonfromIUCAT_20180110_PassedTest_NOCATALOGKEY.csv,30000147483469,1546,"
"
OregonfromIUCAT_20180110_PassedTest_NOCATALOGKEY.csv,30000147499101,1547,"
"
OregonfromIUCAT_20180110_PassedTest_NOCATALOGKEY.csv,30000147509131,1577,"
"
OregonfromIUCAT_20180110_PassedTest_NOCATALOGKEY.csv,30000147496354,1608,"
"
OregonfromIUCAT_20180110_PassedTest_NOCATALOGKEY.csv,30000147495638,1700,"
"
OregonfromIUCAT_20180110_PassedTest_NOCATALOGKEY.csv,30000147495653,1701,"
"
OregonfromIUCAT_20180110_PassedTest_NOCATALOGKEY.csv,30000147496024,1702,"
"
OregonfromIUCAT_20180110_PassedTest_NOCATALOGKEY.csv,30000147509123,1703,"
"
OregonfromIUCAT_20180110_PassedTest_NOCATALOGKEY.csv,30000147496701,1704,"
"
OregonfromIUCAT_20180110_PassedTest_NOCATALOGKEY.csv,30000147508760,1708,"
"
OregonfromIUCAT_20180110_PassedTest_NOCATALOGKEY.csv,30000147496032,1709,"
"
OregonfromIUCAT_20180110_PassedTest_NOCATALOGKEY.csv,30000147507002,1710,"
"
OregonfromIUCAT_20180110_PassedTest_NOCATALOGKEY.csv,30000147498277,1733,"
"
OregonfromIUCAT_20180110_PassedTest_NOCATALOGKEY.csv,30000147498632,1734,"
"
OregonfromIUCAT_20180110_PassedTest_NOCATALOGKEY.csv,30000147498731,1763,"
"
OregonfromIUCAT_20180110_PassedTest_NOCATALOGKEY.csv,30000147509222,2024,"
"
OregonfromIUCAT_20180110_PassedTest_NOCATALOGKEY.csv,30000147573475,3001,"
"
OregonfromIUCAT_20180110_PassedTest_NOCATALOGKEY.csv,30000147482875,3337,"
"
OregonfromIUCAT_20180110_PassedTest_NOCATALOGKEY.csv,30000147484095,4153,"
"
OregonfromIUCAT_20180110_PassedTest_NOCATALOGKEY.csv,30000147484103,4154,"
"
OregonfromIUCAT_20180110_PassedTest_NOCATALOGKEY.csv,30000147484087,4155,"
"
OregonfromIUCAT_20180110_PassedTest_NOCATALOGKEY.csv,30000147573467,4558,"
"
OregonfromIUCAT_20180110_PassedTest_NOCATALOGKEY.csv,30000147573392,7908,"
"
OregonfromIUCAT_20180110_PassedTest_NOCATALOGKEY.csv,30000147497501,8987,"
"
OregonfromIUCAT_20180110_PassedTest_NOCATALOGKEY.csv,30000147510121,10389,"
"
OregonfromIUCAT_20180110_PassedTest_NOCATALOGKEY.csv,30000147510071,10390,"
"
OregonfromIUCAT_20180110_PassedTest_NOCATALOGKEY.csv,30000147498574,10438,"
"
OregonfromIUCAT_20180110_PassedTest_NOCATALOGKEY.csv,30000147498889,10483,"
"
OregonfromIUCAT_20180110_PassedTest_NOCATALOGKEY.csv,30000147482743,10497,"
"
OregonfromIUCAT_20180110_PassedTest_NOCATALOGKEY.csv,30000147482750,10519,"
"
OregonfromIUCAT_20180110_PassedTest_NOCATALOGKEY.csv,30000147508794,11920,"
"
OregonfromIUCAT_20180110_PassedTest_NOCATALOGKEY.csv,30000147484962,11949,"
"
OregonfromIUCAT_20180110_PassedTest_NOCATALOGKEY.csv,30000147496396,11964,"
"
OregonfromIUCAT_20180110_PassedTest_NOCATALOGKEY.csv,30000147573087,11976,"
"
OregonfromIUCAT_20180110_PassedTest_NOCATALOGKEY.csv,30000147572857,11988,"
"
OregonfromIUCAT_20180110_PassedTest_NOCATALOGKEY.csv,30000147495208,11991,"
"
OregonfromIUCAT_20180110_PassedTest_NOCATALOGKEY.csv,30000147498533,12006,"
"
OregonfromIUCAT_20180110_PassedTest_NOCATALOGKEY.csv,30000147482578,12053,"
"
OregonfromIUCAT_20180110_PassedTest_NOCATALOGKEY.csv,30000147495893,12061,"
"
Franklin Hall_Front Green Cabinet_Collection Inventory_SendtoDatabase_reviewed_20171017.csv,30000149839890,7,"
"
Franklin Hall_Front Green Cabinet_Collection Inventory_SendtoDatabase_reviewed_20171017.csv,30000149801197,22,"
"
Franklin Hall_Front Green Cabinet_Collection Inventory_SendtoDatabase_reviewed_20171017.csv,30000149801205,23,"
"
Franklin Hall_Front Green Cabinet_Collection Inventory_SendtoDatabase_reviewed_20171017.csv,30000149839197,26,"
"
Franklin Hall_Front Green Cabinet_Collection Inventory_SendtoDatabase_reviewed_20171017.csv,30000149839213,28,"
"
Franklin Hall_Front Green Cabinet_Collection Inventory_SendtoDatabase_reviewed_20171017.csv,30000149839718,36,"
"
Franklin Hall_Front Green Cabinet_Collection Inventory_SendtoDatabase_reviewed_20171017.csv,30000149839726,37,"
"
Franklin Hall_Front Green Cabinet_Collection Inventory_SendtoDatabase_reviewed_20171017.csv,30000149839759,40,"
"
Franklin Hall_Front Green Cabinet_Collection Inventory_SendtoDatabase_reviewed_20171017.csv,30000149839973,57,"
"
Pennsylvania State Archives 1st Acquisition Collection Inventory_send to database_reviewed_20180123_duplicate check.csv,30000147507531,44,"
"
Pennsylvania State Archives 1st Acquisition Collection Inventory_send to database_reviewed_20180123_duplicate check.csv,30000147507580,48,"
"
Thomas G Smith_SendtoDatabase_reviewed_20180123.csv,30000157759261,38,"
"
Mid-Hudson Library System Collection Inventory_SendtoDatabase_reviewed_20171218.csv,30000157712518,168,"
"
Mid-Hudson Library System Collection Inventory_SendtoDatabase_reviewed_20171218.csv,30000157712526,169,"
"
Mid-Hudson Library System Collection Inventory_SendtoDatabase_reviewed_20171218.csv,30000157742101,411,"
"
Feil Collection_20170918_ForALF_reviewed_20171222.csv,30000157599527,2673,"
"
SUNY New Platz Collection Inventory_SendtoDatabase_Reviewed_20171024.csv,30000157564182,20,"
"
SUNY New Platz Collection Inventory_SendtoDatabase_Reviewed_20171024.csv,30000157564190,21,"
"
SUNY New Platz Collection Inventory_SendtoDatabase_Reviewed_20171024.csv,30000157566104,60,"
"
SUNY New Platz Collection Inventory_SendtoDatabase_Reviewed_20171024.csv,30000157566112,61,"
"
SUNY New Platz Collection Inventory_SendtoDatabase_Reviewed_20171024.csv,30000157566138,63,"
"
SUNY New Platz Collection Inventory_SendtoDatabase_Reviewed_20171024.csv,30000157566146,64,"
"
SUNY New Platz Collection Inventory_SendtoDatabase_Reviewed_20171024.csv,30000157566401,90,"
"
SUNY New Platz Collection Inventory_SendtoDatabase_Reviewed_20171024.csv,30000157566880,128,"
"
SUNY New Platz Collection Inventory_SendtoDatabase_Reviewed_20171024.csv,30000157566906,130,"
"
SUNY New Platz Collection Inventory_SendtoDatabase_Reviewed_20171024.csv,30000157566914,131,"
"
SUNY New Platz Collection Inventory_SendtoDatabase_Reviewed_20171024.csv,30000157566948,134,"
"
SUNY New Platz Collection Inventory_SendtoDatabase_Reviewed_20171024.csv,30000157566955,135,"
"
SUNY New Platz Collection Inventory_SendtoDatabase_Reviewed_20171024.csv,30000157566989,138,"
"
SUNY New Platz Collection Inventory_SendtoDatabase_Reviewed_20171024.csv,30000157567003,140,"
"
SUNY New Platz Collection Inventory_SendtoDatabase_Reviewed_20171024.csv,30000157567029,142,"
"
SUNY New Platz Collection Inventory_SendtoDatabase_Reviewed_20171024.csv,30000157567078,147,"
"
SUNY New Platz Collection Inventory_SendtoDatabase_Reviewed_20171024.csv,30000157567086,148,"
"
SUNY New Platz Collection Inventory_SendtoDatabase_Reviewed_20171024.csv,30000157567409,180,"
"
SUNY New Platz Collection Inventory_SendtoDatabase_Reviewed_20171024.csv,30000157567433,183,"
"
SUNY New Platz Collection Inventory_SendtoDatabase_Reviewed_20171024.csv,30000157567458,185,"
"
SUNY New Platz Collection Inventory_SendtoDatabase_Reviewed_20171024.csv,30000157567474,187,"
"
SUNY New Platz Collection Inventory_SendtoDatabase_Reviewed_20171024.csv,30000157567490,189,"
"
SUNY New Platz Collection Inventory_SendtoDatabase_Reviewed_20171024.csv,30000157567524,192,"
"
SUNY New Platz Collection Inventory_SendtoDatabase_Reviewed_20171024.csv,30000157567540,194,"
"
SUNY New Platz Collection Inventory_SendtoDatabase_Reviewed_20171024.csv,30000157567565,196,"
"
SUNY New Platz Collection Inventory_SendtoDatabase_Reviewed_20171024.csv,30000157567581,198,"
"
SUNY New Platz Collection Inventory_SendtoDatabase_Reviewed_20171024.csv,30000157567607,200,"
"
SUNY New Platz Collection Inventory_SendtoDatabase_Reviewed_20171024.csv,30000157567706,210,"
"
IUCAT_ThroughM_SendtoDatabase_reviewed_20171222.csv,30000147527489,11,"
"
IUCAT_ThroughM_SendtoDatabase_reviewed_20171222.csv,30000136674417,45,"
"
IUCAT_ThroughM_SendtoDatabase_reviewed_20171222.csv,30000068458029,46,"
"
IUCAT_ThroughM_SendtoDatabase_reviewed_20171222.csv,30000136674441,47,"
"
IUCAT_ThroughM_SendtoDatabase_reviewed_20171222.csv,30000136605171,635,"
"
IUCAT_ThroughM_SendtoDatabase_reviewed_20171222.csv,30000136605189,636,"
"
IUCAT_ThroughM_SendtoDatabase_reviewed_20171222.csv,30000136605205,637,"
"
IUCAT_ThroughM_SendtoDatabase_reviewed_20171222.csv,30000068509110,769,"
"
IUCAT_ThroughM_SendtoDatabase_reviewed_20171222.csv,30000136657651,770,"
"
IUCAT_ThroughM_SendtoDatabase_reviewed_20171222.csv,30000136657669,771,"
"
IUCAT_ThroughM_SendtoDatabase_reviewed_20171222.csv,30000136726753,772,"
"
IUCAT_ThroughM_SendtoDatabase_reviewed_20171222.csv,30000068509268,773,"
"
IUCAT_ThroughM_SendtoDatabase_reviewed_20171222.csv,30000068509276,774,"
"
IUCAT_ThroughM_SendtoDatabase_reviewed_20171222.csv,30000068509284,775,"
"
IUCAT_ThroughM_SendtoDatabase_reviewed_20171222.csv,30000136821018,776,"
"
IUCAT_ThroughM_SendtoDatabase_reviewed_20171222.csv,30000068509235,777,"
"
IUCAT_ThroughM_SendtoDatabase_reviewed_20171222.csv,30000068509243,778,"
"
IUCAT_ThroughM_SendtoDatabase_reviewed_20171222.csv,30000136820838,779,"
"
IUCAT_ThroughM_SendtoDatabase_reviewed_20171222.csv,30000136821026,780,"
"
IUCAT_ThroughM_SendtoDatabase_reviewed_20171222.csv,30000136641580,1534,"
"
IUCAT_ThroughM_SendtoDatabase_reviewed_20171222.csv,30000136642075,1535,"
"
IUCAT_ThroughM_SendtoDatabase_reviewed_20171222.csv,30000136644154,1536,"
"
IUCAT_ThroughM_SendtoDatabase_reviewed_20171222.csv,30000136644048,1537,"
"
IUCAT_ThroughM_SendtoDatabase_reviewed_20171222.csv,30000136641630,1538,"
"
IUCAT_ThroughM_SendtoDatabase_reviewed_20171222.csv,30000136642034,1539,"
"
IUCAT_ThroughM_SendtoDatabase_reviewed_20171222.csv,30000136642026,1540,"
"
IUCAT_ThroughM_SendtoDatabase_reviewed_20171222.csv,30000136642018,1541,"
"
IUCAT_ThroughM_SendtoDatabase_reviewed_20171222.csv,30000136642000,1542,"
"
IUCAT_ThroughM_SendtoDatabase_reviewed_20171222.csv,30000136641994,1543,"
"
IUCAT_ThroughM_SendtoDatabase_reviewed_20171222.csv,30000136641986,1544,"
"
IUCAT_ThroughM_SendtoDatabase_reviewed_20171222.csv,30000136641960,1545,"
"
IUCAT_ThroughM_SendtoDatabase_reviewed_20171222.csv,30000136641945,1548,"
"
IUCAT_ThroughM_SendtoDatabase_reviewed_20171222.csv,30000136641622,1549,"
"
IUCAT_ThroughM_SendtoDatabase_reviewed_20171222.csv,30000136641937,1550,"
"
IUCAT_ThroughM_SendtoDatabase_reviewed_20171222.csv,30000136641929,1551,"
"
IUCAT_ThroughM_SendtoDatabase_reviewed_20171222.csv,30000136641911,1552,"
"
IUCAT_ThroughM_SendtoDatabase_reviewed_20171222.csv,30000136641903,1553,"
"
IUCAT_ThroughM_SendtoDatabase_reviewed_20171222.csv,30000136641895,1554,"
"
IUCAT_ThroughM_SendtoDatabase_reviewed_20171222.csv,30000136641887,1555,"
"
IUCAT_ThroughM_SendtoDatabase_reviewed_20171222.csv,30000136641879,1556,"
"
IUCAT_ThroughM_SendtoDatabase_reviewed_20171222.csv,30000136641861,1557,"
"
IUCAT_ThroughM_SendtoDatabase_reviewed_20171222.csv,30000136641846,1558,"
"
IUCAT_ThroughM_SendtoDatabase_reviewed_20171222.csv,30000136641614,1559,"
"
IUCAT_ThroughM_SendtoDatabase_reviewed_20171222.csv,30000136641820,1560,"
"
IUCAT_ThroughM_SendtoDatabase_reviewed_20171222.csv,30000136641812,1561,"
"
IUCAT_ThroughM_SendtoDatabase_reviewed_20171222.csv,30000136641804,1562,"
"
IUCAT_ThroughM_SendtoDatabase_reviewed_20171222.csv,30000136642299,1563,"
"
IUCAT_ThroughM_SendtoDatabase_reviewed_20171222.csv,30000136642307,1564,"
"
IUCAT_ThroughM_SendtoDatabase_reviewed_20171222.csv,30000136642273,1565,"
"
IUCAT_ThroughM_SendtoDatabase_reviewed_20171222.csv,30000136642257,1566,"
"
IUCAT_ThroughM_SendtoDatabase_reviewed_20171222.csv,30000136642265,1567,"
"
IUCAT_ThroughM_SendtoDatabase_reviewed_20171222.csv,30000136641606,1568,"
"
IUCAT_ThroughM_SendtoDatabase_reviewed_20171222.csv,30000136642232,1569,"
"
IUCAT_ThroughM_SendtoDatabase_reviewed_20171222.csv,30000136642240,1570,"
"
IUCAT_ThroughM_SendtoDatabase_reviewed_20171222.csv,30000136642216,1571,"
"
IUCAT_ThroughM_SendtoDatabase_reviewed_20171222.csv,30000136642224,1572,"
"
IUCAT_ThroughM_SendtoDatabase_reviewed_20171222.csv,30000136642109,1573,"
"
IUCAT_ThroughM_SendtoDatabase_reviewed_20171222.csv,30000136642208,1574,"
"
IUCAT_ThroughM_SendtoDatabase_reviewed_20171222.csv,30000136642166,1575,"
"
IUCAT_ThroughM_SendtoDatabase_reviewed_20171222.csv,30000136641598,1576,"
"
IUCAT_ThroughM_SendtoDatabase_reviewed_20171222.csv,30000136642133,1577,"
"
IUCAT_ThroughM_SendtoDatabase_reviewed_20171222.csv,30000136642141,1578,"
"
IUCAT_ThroughM_SendtoDatabase_reviewed_20171222.csv,30000136642117,1579,"
"
IUCAT_ThroughM_SendtoDatabase_reviewed_20171222.csv,30000136642125,1580,"
"
IUCAT_ThroughM_SendtoDatabase_reviewed_20171222.csv,30000136642091,1581,"
"
IUCAT_ThroughM_SendtoDatabase_reviewed_20171222.csv,30000136642083,1582,"
"
IUCAT_ThroughM_SendtoDatabase_reviewed_20171222.csv,30000136643974,1583,"
"
IUCAT_ThroughM_SendtoDatabase_reviewed_20171222.csv,30000136642059,1584,"
"
IUCAT_ThroughM_SendtoDatabase_reviewed_20171222.csv,30000136642067,1585,"
"
IUCAT_ThroughM_SendtoDatabase_reviewed_20171222.csv,30000136644006,1586,"
"
IUCAT_ThroughM_SendtoDatabase_reviewed_20171222.csv,30000136643990,1587,"
"
IUCAT_ThroughM_SendtoDatabase_reviewed_20171222.csv,30000136644022,1588,"
"
IUCAT_ThroughM_SendtoDatabase_reviewed_20171222.csv,30000136644014,1589,"
"
IUCAT_ThroughM_SendtoDatabase_reviewed_20171222.csv,30000136644030,1590,"
"
IUCAT_ThroughM_SendtoDatabase_reviewed_20171222.csv,30000136641572,1591,"
"
IUCAT_ThroughM_SendtoDatabase_reviewed_20171222.csv,30000136644063,1592,"
"
IUCAT_ThroughM_SendtoDatabase_reviewed_20171222.csv,30000136644055,1593,"
"
IUCAT_ThroughM_SendtoDatabase_reviewed_20171222.csv,30000136644071,1594,"
"
IUCAT_ThroughM_SendtoDatabase_reviewed_20171222.csv,30000136644105,1595,"
"
IUCAT_ThroughM_SendtoDatabase_reviewed_20171222.csv,30000136644097,1596,"
"
IUCAT_ThroughM_SendtoDatabase_reviewed_20171222.csv,30000136644113,1597,"
"
IUCAT_ThroughM_SendtoDatabase_reviewed_20171222.csv,30000136644139,1598,"
"
IUCAT_ThroughM_SendtoDatabase_reviewed_20171222.csv,30000136644121,1599,"
"
IUCAT_ThroughM_SendtoDatabase_reviewed_20171222.csv,30000136644147,1600,"
"
IUCAT_ThroughM_SendtoDatabase_reviewed_20171222.csv,30000136641564,1601,"
"
IUCAT_ThroughM_SendtoDatabase_reviewed_20171222.csv,30000136642042,1602,"
"
IUCAT_ThroughM_SendtoDatabase_reviewed_20171222.csv,30000136645342,1603,"
"
IUCAT_ThroughM_SendtoDatabase_reviewed_20171222.csv,30000136644089,1604,"
"
IUCAT_ThroughM_SendtoDatabase_reviewed_20171222.csv,30000136642281,1605,"
"
IUCAT_ThroughM_SendtoDatabase_reviewed_20171222.csv,30000136642158,1606,"
"
IUCAT_ThroughM_SendtoDatabase_reviewed_20171222.csv,30000136641978,1607,"
"
IUCAT_ThroughM_SendtoDatabase_reviewed_20171222.csv,30000136641838,1608,"
"
IUCAT_ThroughM_SendtoDatabase_reviewed_20171222.csv,30000136642174,1609,"
"
IUCAT_ThroughM_SendtoDatabase_reviewed_20171222.csv,30000136642182,1610,"
"
IUCAT_ThroughM_SendtoDatabase_reviewed_20171222.csv,30000077530511,1612,"
"
IUCAT_ThroughM_SendtoDatabase_reviewed_20171222.csv,30000077530735,1613,"
"
IUCAT_ThroughM_SendtoDatabase_reviewed_20171222.csv,30000079869693,1614,"
"
IUCAT_ThroughM_SendtoDatabase_reviewed_20171222.csv,30000078513888,1615,"
"
IUCAT_ThroughM_SendtoDatabase_reviewed_20171222.csv,30000079869438,1616,"
"
IUCAT_ThroughM_SendtoDatabase_reviewed_20171222.csv,30000077530420,1617,"
"
IUCAT_ThroughM_SendtoDatabase_reviewed_20171222.csv,30000077530412,1618,"
"
IUCAT_ThroughM_SendtoDatabase_reviewed_20171222.csv,30000077530404,1619,"
"
IUCAT_ThroughM_SendtoDatabase_reviewed_20171222.csv,30000077530388,1620,"
"
IUCAT_ThroughM_SendtoDatabase_reviewed_20171222.csv,30000077530370,1621,"
"
IUCAT_ThroughM_SendtoDatabase_reviewed_20171222.csv,30000077530362,1622,"
"
IUCAT_ThroughM_SendtoDatabase_reviewed_20171222.csv,30000077530594,1623,"
"
IUCAT_ThroughM_SendtoDatabase_reviewed_20171222.csv,30000077530586,1624,"
"
IUCAT_ThroughM_SendtoDatabase_reviewed_20171222.csv,30000077530578,1625,"
"
IUCAT_ThroughM_SendtoDatabase_reviewed_20171222.csv,30000077530552,1626,"
"
IUCAT_ThroughM_SendtoDatabase_reviewed_20171222.csv,30000077530545,1627,"
"
IUCAT_ThroughM_SendtoDatabase_reviewed_20171222.csv,30000077530537,1628,"
"
IUCAT_ThroughM_SendtoDatabase_reviewed_20171222.csv,30000077530503,1629,"
"
IUCAT_ThroughM_SendtoDatabase_reviewed_20171222.csv,30000077530495,1630,"
"
IUCAT_ThroughM_SendtoDatabase_reviewed_20171222.csv,30000077530487,1631,"
"
IUCAT_ThroughM_SendtoDatabase_reviewed_20171222.csv,30000077530719,1632,"
"
IUCAT_ThroughM_SendtoDatabase_reviewed_20171222.csv,30000079869420,1633,"
"
IUCAT_ThroughM_SendtoDatabase_reviewed_20171222.csv,30000077530701,1634,"
"
IUCAT_ThroughM_SendtoDatabase_reviewed_20171222.csv,30000077530693,1635,"
"
IUCAT_ThroughM_SendtoDatabase_reviewed_20171222.csv,30000077530685,1636,"
"
IUCAT_ThroughM_SendtoDatabase_reviewed_20171222.csv,30000077530677,1637,"
"
IUCAT_ThroughM_SendtoDatabase_reviewed_20171222.csv,30000077530669,1638,"
"
IUCAT_ThroughM_SendtoDatabase_reviewed_20171222.csv,30000077530651,1639,"
"
IUCAT_ThroughM_SendtoDatabase_reviewed_20171222.csv,30000077530644,1640,"
"
IUCAT_ThroughM_SendtoDatabase_reviewed_20171222.csv,30000077530636,1641,"
"
IUCAT_ThroughM_SendtoDatabase_reviewed_20171222.csv,30000077530610,1642,"
"
IUCAT_ThroughM_SendtoDatabase_reviewed_20171222.csv,30000077530602,1643,"
"
IUCAT_ThroughM_SendtoDatabase_reviewed_20171222.csv,30000077530834,1644,"
"
IUCAT_ThroughM_SendtoDatabase_reviewed_20171222.csv,30000077530826,1645,"
"
IUCAT_ThroughM_SendtoDatabase_reviewed_20171222.csv,30000077530818,1646,"
"
IUCAT_ThroughM_SendtoDatabase_reviewed_20171222.csv,30000077530792,1647,"
"
IUCAT_ThroughM_SendtoDatabase_reviewed_20171222.csv,30000077530784,1648,"
"
IUCAT_ThroughM_SendtoDatabase_reviewed_20171222.csv,30000077530776,1649,"
"
IUCAT_ThroughM_SendtoDatabase_reviewed_20171222.csv,30000077530768,1650,"
"
IUCAT_ThroughM_SendtoDatabase_reviewed_20171222.csv,30000077530750,1651,"
"
IUCAT_ThroughM_SendtoDatabase_reviewed_20171222.csv,30000079869404,1652,"
"
IUCAT_ThroughM_SendtoDatabase_reviewed_20171222.csv,30000077530743,1653,"
"
IUCAT_ThroughM_SendtoDatabase_reviewed_20171222.csv,30000077530941,1654,"
"
IUCAT_ThroughM_SendtoDatabase_reviewed_20171222.csv,30000077530933,1655,"
"
IUCAT_ThroughM_SendtoDatabase_reviewed_20171222.csv,30000077530925,1656,"
"
IUCAT_ThroughM_SendtoDatabase_reviewed_20171222.csv,30000077530917,1657,"
"
IUCAT_ThroughM_SendtoDatabase_reviewed_20171222.csv,30000077530909,1658,"
"
IUCAT_ThroughM_SendtoDatabase_reviewed_20171222.csv,30000077530891,1659,"
"
IUCAT_ThroughM_SendtoDatabase_reviewed_20171222.csv,30000079869636,1660,"
"
IUCAT_ThroughM_SendtoDatabase_reviewed_20171222.csv,30000077530883,1661,"
"
IUCAT_ThroughM_SendtoDatabase_reviewed_20171222.csv,30000077530867,1662,"
"
IUCAT_ThroughM_SendtoDatabase_reviewed_20171222.csv,30000077530859,1663,"
"
IUCAT_ThroughM_SendtoDatabase_reviewed_20171222.csv,30000077530842,1664,"
"
IUCAT_ThroughM_SendtoDatabase_reviewed_20171222.csv,30000077531071,1665,"
"
IUCAT_ThroughM_SendtoDatabase_reviewed_20171222.csv,30000077531063,1666,"
"
IUCAT_ThroughM_SendtoDatabase_reviewed_20171222.csv,30000077531055,1667,"
"
IUCAT_ThroughM_SendtoDatabase_reviewed_20171222.csv,30000077531048,1668,"
"
IUCAT_ThroughM_SendtoDatabase_reviewed_20171222.csv,30000077531030,1669,"
"
IUCAT_ThroughM_SendtoDatabase_reviewed_20171222.csv,30000079869628,1670,"
"
IUCAT_ThroughM_SendtoDatabase_reviewed_20171222.csv,30000077531022,1671,"
"
IUCAT_ThroughM_SendtoDatabase_reviewed_20171222.csv,30000079869610,1672,"
"
IUCAT_ThroughM_SendtoDatabase_reviewed_20171222.csv,30000079869602,1673,"
"
IUCAT_ThroughM_SendtoDatabase_reviewed_20171222.csv,30000079869594,1674,"
"
IUCAT_ThroughM_SendtoDatabase_reviewed_20171222.csv,30000079869511,1675,"
"
IUCAT_ThroughM_SendtoDatabase_reviewed_20171222.csv,30000079869586,1676,"
"
IUCAT_ThroughM_SendtoDatabase_reviewed_20171222.csv,30000079869578,1677,"
"
IUCAT_ThroughM_SendtoDatabase_reviewed_20171222.csv,30000079869560,1678,"
"
IUCAT_ThroughM_SendtoDatabase_reviewed_20171222.csv,30000079869552,1679,"
"
IUCAT_ThroughM_SendtoDatabase_reviewed_20171222.csv,30000079869545,1680,"
"
IUCAT_ThroughM_SendtoDatabase_reviewed_20171222.csv,30000079869537,1681,"
"
IUCAT_ThroughM_SendtoDatabase_reviewed_20171222.csv,30000079869750,1682,"
"
IUCAT_ThroughM_SendtoDatabase_reviewed_20171222.csv,30000079869743,1683,"
"
IUCAT_ThroughM_SendtoDatabase_reviewed_20171222.csv,30000079869735,1684,"
"
IUCAT_ThroughM_SendtoDatabase_reviewed_20171222.csv,30000079869503,1685,"
"
IUCAT_ThroughM_SendtoDatabase_reviewed_20171222.csv,30000079869727,1686,"
"
IUCAT_ThroughM_SendtoDatabase_reviewed_20171222.csv,30000079869719,1687,"
"
IUCAT_ThroughM_SendtoDatabase_reviewed_20171222.csv,30000079869685,1688,"
"
IUCAT_ThroughM_SendtoDatabase_reviewed_20171222.csv,30000079869677,1689,"
"
IUCAT_ThroughM_SendtoDatabase_reviewed_20171222.csv,30000079869651,1690,"
"
IUCAT_ThroughM_SendtoDatabase_reviewed_20171222.csv,30000079869644,1691,"
"
IUCAT_ThroughM_SendtoDatabase_reviewed_20171222.csv,30000079869867,1692,"
"
IUCAT_ThroughM_SendtoDatabase_reviewed_20171222.csv,30000079869859,1693,"
"
IUCAT_ThroughM_SendtoDatabase_reviewed_20171222.csv,30000079869842,1694,"
"
IUCAT_ThroughM_SendtoDatabase_reviewed_20171222.csv,30000079869834,1695,"
"
IUCAT_ThroughM_SendtoDatabase_reviewed_20171222.csv,30000079869826,1696,"
"
IUCAT_ThroughM_SendtoDatabase_reviewed_20171222.csv,30000079869818,1697,"
"
IUCAT_ThroughM_SendtoDatabase_reviewed_20171222.csv,30000079869800,1698,"
"
IUCAT_ThroughM_SendtoDatabase_reviewed_20171222.csv,30000079869792,1699,"
"
IUCAT_ThroughM_SendtoDatabase_reviewed_20171222.csv,30000079869784,1700,"
"
IUCAT_ThroughM_SendtoDatabase_reviewed_20171222.csv,30000079869776,1701,"
"
IUCAT_ThroughM_SendtoDatabase_reviewed_20171222.csv,30000079869768,1702,"
"
IUCAT_ThroughM_SendtoDatabase_reviewed_20171222.csv,30000079869990,1703,"
"
IUCAT_ThroughM_SendtoDatabase_reviewed_20171222.csv,30000079869982,1704,"
"
IUCAT_ThroughM_SendtoDatabase_reviewed_20171222.csv,30000079869974,1705,"
"
IUCAT_ThroughM_SendtoDatabase_reviewed_20171222.csv,30000079869966,1706,"
"
IUCAT_ThroughM_SendtoDatabase_reviewed_20171222.csv,30000079869958,1707,"
"
IUCAT_ThroughM_SendtoDatabase_reviewed_20171222.csv,30000079869917,1708,"
"
IUCAT_ThroughM_SendtoDatabase_reviewed_20171222.csv,30000079869479,1709,"
"
IUCAT_ThroughM_SendtoDatabase_reviewed_20171222.csv,30000079869909,1710,"
"
IUCAT_ThroughM_SendtoDatabase_reviewed_20171222.csv,30000079869883,1711,"
"
IUCAT_ThroughM_SendtoDatabase_reviewed_20171222.csv,30000079869891,1712,"
"
IUCAT_ThroughM_SendtoDatabase_reviewed_20171222.csv,30000077530107,1713,"
"
IUCAT_ThroughM_SendtoDatabase_reviewed_20171222.csv,30000077530115,1714,"
"
IUCAT_ThroughM_SendtoDatabase_reviewed_20171222.csv,30000077530081,1715,"
"
IUCAT_ThroughM_SendtoDatabase_reviewed_20171222.csv,30000077530099,1716,"
"
IUCAT_ThroughM_SendtoDatabase_reviewed_20171222.csv,30000077530032,1717,"
"
IUCAT_ThroughM_SendtoDatabase_reviewed_20171222.csv,30000077530024,1718,"
"
IUCAT_ThroughM_SendtoDatabase_reviewed_20171222.csv,30000077530016,1719,"
"
IUCAT_ThroughM_SendtoDatabase_reviewed_20171222.csv,30000077530008,1720,"
"
IUCAT_ThroughM_SendtoDatabase_reviewed_20171222.csv,30000079869461,1721,"
"
IUCAT_ThroughM_SendtoDatabase_reviewed_20171222.csv,30000077530230,1722,"
"
IUCAT_ThroughM_SendtoDatabase_reviewed_20171222.csv,30000077530214,1723,"
"
IUCAT_ThroughM_SendtoDatabase_reviewed_20171222.csv,30000077530206,1724,"
"
IUCAT_ThroughM_SendtoDatabase_reviewed_20171222.csv,30000077530198,1725,"
"
IUCAT_ThroughM_SendtoDatabase_reviewed_20171222.csv,30000077530180,1726,"
"
IUCAT_ThroughM_SendtoDatabase_reviewed_20171222.csv,30000077530172,1727,"
"
IUCAT_ThroughM_SendtoDatabase_reviewed_20171222.csv,30000077530164,1728,"
"
IUCAT_ThroughM_SendtoDatabase_reviewed_20171222.csv,30000077530156,1729,"
"
IUCAT_ThroughM_SendtoDatabase_reviewed_20171222.csv,30000079869453,1730,"
"
IUCAT_ThroughM_SendtoDatabase_reviewed_20171222.csv,30000077530149,1731,"
"
IUCAT_ThroughM_SendtoDatabase_reviewed_20171222.csv,30000077530131,1732,"
"
IUCAT_ThroughM_SendtoDatabase_reviewed_20171222.csv,30000077530354,1733,"
"
IUCAT_ThroughM_SendtoDatabase_reviewed_20171222.csv,30000077530347,1734,"
"
IUCAT_ThroughM_SendtoDatabase_reviewed_20171222.csv,30000077530339,1735,"
"
IUCAT_ThroughM_SendtoDatabase_reviewed_20171222.csv,30000077530321,1736,"
"
IUCAT_ThroughM_SendtoDatabase_reviewed_20171222.csv,30000077530313,1737,"
"
IUCAT_ThroughM_SendtoDatabase_reviewed_20171222.csv,30000077530305,1738,"
"
IUCAT_ThroughM_SendtoDatabase_reviewed_20171222.csv,30000077530297,1739,"
"
IUCAT_ThroughM_SendtoDatabase_reviewed_20171222.csv,30000079869446,1740,"
"
IUCAT_ThroughM_SendtoDatabase_reviewed_20171222.csv,30000077530289,1741,"
"
IUCAT_ThroughM_SendtoDatabase_reviewed_20171222.csv,30000077530271,1742,"
"
IUCAT_ThroughM_SendtoDatabase_reviewed_20171222.csv,30000077530263,1743,"
"
IUCAT_ThroughM_SendtoDatabase_reviewed_20171222.csv,30000077530248,1744,"
"
IUCAT_ThroughM_SendtoDatabase_reviewed_20171222.csv,30000077530453,1745,"
"
IUCAT_ThroughM_SendtoDatabase_reviewed_20171222.csv,30000077530446,1746,"
"
IUCAT_ThroughM_SendtoDatabase_reviewed_20171222.csv,30000077530438,1747,"
"
IUCAT_ThroughM_SendtoDatabase_reviewed_20171222.csv,30000077530396,1748,"
"
IUCAT_ThroughM_SendtoDatabase_reviewed_20171222.csv,30000077530560,1749,"
"
IUCAT_ThroughM_SendtoDatabase_reviewed_20171222.csv,30000077530529,1750,"
"
IUCAT_ThroughM_SendtoDatabase_reviewed_20171222.csv,30000077530628,1751,"
"
IUCAT_ThroughM_SendtoDatabase_reviewed_20171222.csv,30000079869412,1752,"
"
IUCAT_ThroughM_SendtoDatabase_reviewed_20171222.csv,30000079869487,1753,"
"
IUCAT_ThroughM_SendtoDatabase_reviewed_20171222.csv,30000077530040,1754,"
"
IUCAT_ThroughM_SendtoDatabase_reviewed_20171222.csv,30000077530057,1755,"
"
IUCAT_ThroughM_SendtoDatabase_reviewed_20171222.csv,30000077530222,1756,"
"
IUCAT_ThroughM_SendtoDatabase_reviewed_20171222.csv,30000077530123,1757,"
"
IUCAT_ThroughM_SendtoDatabase_reviewed_20171222.csv,30000077530479,1758,"
"
IUCAT_ThroughM_SendtoDatabase_reviewed_20171222.csv,30000077530461,1759,"
"
IUCAT_ThroughM_SendtoDatabase_reviewed_20171222.csv,30000077530875,1760,"
"
IUCAT_ThroughM_SendtoDatabase_reviewed_20171222.csv,30000079869529,1761,"
"
IUCAT_ThroughM_SendtoDatabase_reviewed_20171222.csv,30000079869701,1762,"
"
IUCAT_ThroughM_SendtoDatabase_reviewed_20171222.csv,30000079869875,1763,"
"
IUCAT_ThroughM_SendtoDatabase_reviewed_20171222.csv,30000077530065,1764,"
"
IUCAT_ThroughM_SendtoDatabase_reviewed_20171222.csv,30000077530073,1765,"
"
IUCAT_ThroughM_SendtoDatabase_reviewed_20171222.csv,30000077530727,1766,"
"
IUCAT_ThroughM_SendtoDatabase_reviewed_20171222.csv,30000077530958,1767,"
"
IUCAT_ThroughM_SendtoDatabase_reviewed_20171222.csv,30000136809625,1791,"
"
IUCAT_ThroughM_SendtoDatabase_reviewed_20171222.csv,30000147507481,1792,"
"
IUCAT_ThroughM_SendtoDatabase_reviewed_20171222.csv,30000147588002,1796,"
"
IUCAT_ThroughM_SendtoDatabase_reviewed_20171222.csv,30000079869669,1878,"
"
IUCAT_ThroughG_SendtoDatabase_reviewed_20171109.csv,30000077541195,34,"
"
IUCAT_ThroughG_SendtoDatabase_reviewed_20171109.csv,30000068467491,35,"
"
IUCAT_ThroughG_SendtoDatabase_reviewed_20171109.csv,30000068467368,36,"
"
IUCAT_ThroughG_SendtoDatabase_reviewed_20171109.csv,30000136914300,37,"
"
IUCAT_ThroughG_SendtoDatabase_reviewed_20171109.csv,30000136716622,38,"
"
IUCAT_ThroughG_SendtoDatabase_reviewed_20171109.csv,30000068467442,39,"
"
IUCAT_ThroughG_SendtoDatabase_reviewed_20171109.csv,30000068467459,40,"
"
IUCAT_ThroughG_SendtoDatabase_reviewed_20171109.csv,30000068467475,42,"
"
IUCAT_ThroughG_SendtoDatabase_reviewed_20171109.csv,30000068467483,43,"
"
IUCAT_ThroughG_SendtoDatabase_reviewed_20171109.csv,30000068467509,44,"
"
IUCAT_ThroughG_SendtoDatabase_reviewed_20171109.csv,30000068467517,45,"
"
IUCAT_ThroughG_SendtoDatabase_reviewed_20171109.csv,30000068467525,46,"
"
IUCAT_ThroughG_SendtoDatabase_reviewed_20171109.csv,30000068467533,47,"
"
IUCAT_ThroughG_SendtoDatabase_reviewed_20171109.csv,30000068467376,48,"
"
IUCAT_ThroughG_SendtoDatabase_reviewed_20171109.csv,30000068467541,49,"
"
IUCAT_ThroughG_SendtoDatabase_reviewed_20171109.csv,30000068467269,50,"
"
IUCAT_ThroughG_SendtoDatabase_reviewed_20171109.csv,30000068467277,51,"
"
IUCAT_ThroughG_SendtoDatabase_reviewed_20171109.csv,30000068467285,52,"
"
IUCAT_ThroughG_SendtoDatabase_reviewed_20171109.csv,30000068467293,53,"
"
IUCAT_ThroughG_SendtoDatabase_reviewed_20171109.csv,30000068467301,54,"
"
IUCAT_ThroughG_SendtoDatabase_reviewed_20171109.csv,30000068467251,55,"
"
IUCAT_ThroughG_SendtoDatabase_reviewed_20171109.csv,30000068467384,56,"
"
IUCAT_ThroughG_SendtoDatabase_reviewed_20171109.csv,30000068467392,57,"
"
IUCAT_ThroughG_SendtoDatabase_reviewed_20171109.csv,30000077540957,58,"
"
IUCAT_ThroughG_SendtoDatabase_reviewed_20171109.csv,30000068467400,59,"
"
IUCAT_ThroughG_SendtoDatabase_reviewed_20171109.csv,30000068467418,60,"
"
IUCAT_ThroughG_SendtoDatabase_reviewed_20171109.csv,30000068467426,61,"
"
IUCAT_ThroughG_SendtoDatabase_reviewed_20171109.csv,30000068467434,62,"
"
IUCAT_ThroughG_SendtoDatabase_reviewed_20171109.csv,30000068467657,63,"
"
IUCAT_ThroughG_SendtoDatabase_reviewed_20171109.csv,30000149792651,64,"
"
IUCAT_ThroughG_SendtoDatabase_reviewed_20171109.csv,30000068467749,65,"
"
IUCAT_ThroughG_SendtoDatabase_reviewed_20171109.csv,30000068467756,66,"
"
IUCAT_ThroughG_SendtoDatabase_reviewed_20171109.csv,30000068467764,67,"
"
IUCAT_ThroughG_SendtoDatabase_reviewed_20171109.csv,30000149792701,68,"
"
IUCAT_ThroughG_SendtoDatabase_reviewed_20171109.csv,30000068467772,69,"
"
IUCAT_ThroughG_SendtoDatabase_reviewed_20171109.csv,30000068467780,70,"
"
IUCAT_ThroughG_SendtoDatabase_reviewed_20171109.csv,30000068467798,71,"
"
IUCAT_ThroughG_SendtoDatabase_reviewed_20171109.csv,30000149792693,72,"
"
IUCAT_ThroughG_SendtoDatabase_reviewed_20171109.csv,30000136716689,73,"
"
IUCAT_ThroughG_SendtoDatabase_reviewed_20171109.csv,30000068467806,74,"
"
IUCAT_ThroughG_SendtoDatabase_reviewed_20171109.csv,30000068467814,75,"
"
IUCAT_ThroughG_SendtoDatabase_reviewed_20171109.csv,30000068467822,76,"
"
IUCAT_ThroughG_SendtoDatabase_reviewed_20171109.csv,30000068467665,77,"
"
IUCAT_ThroughG_SendtoDatabase_reviewed_20171109.csv,30000149792685,78,"
"
IUCAT_ThroughG_SendtoDatabase_reviewed_20171109.csv,30000068467830,79,"
"
IUCAT_ThroughG_SendtoDatabase_reviewed_20171109.csv,30000068467848,80,"
"
IUCAT_ThroughG_SendtoDatabase_reviewed_20171109.csv,30000068467319,81,"
"
IUCAT_ThroughG_SendtoDatabase_reviewed_20171109.csv,30000068467327,82,"
"
IUCAT_ThroughG_SendtoDatabase_reviewed_20171109.csv,30000068467335,83,"
"
IUCAT_ThroughG_SendtoDatabase_reviewed_20171109.csv,30000068467343,84,"
"
IUCAT_ThroughG_SendtoDatabase_reviewed_20171109.csv,30000068467350,85,"
"
IUCAT_ThroughG_SendtoDatabase_reviewed_20171109.csv,30000068467673,86,"
"
IUCAT_ThroughG_SendtoDatabase_reviewed_20171109.csv,30000149792677,87,"
"
IUCAT_ThroughG_SendtoDatabase_reviewed_20171109.csv,30000068467681,88,"
"
IUCAT_ThroughG_SendtoDatabase_reviewed_20171109.csv,30000149792669,89,"
"
IUCAT_ThroughG_SendtoDatabase_reviewed_20171109.csv,30000068467699,90,"
"
IUCAT_ThroughG_SendtoDatabase_reviewed_20171109.csv,30000068467707,91,"
"
IUCAT_ThroughG_SendtoDatabase_reviewed_20171109.csv,30000068467715,92,"
"
IUCAT_ThroughG_SendtoDatabase_reviewed_20171109.csv,30000068467723,93,"
"
IUCAT_ThroughG_SendtoDatabase_reviewed_20171109.csv,30000068467731,94,"
"
IUCAT_ThroughG_SendtoDatabase_reviewed_20171109.csv,30000136740275,359,"
"
IUCAT_ThroughG_SendtoDatabase_reviewed_20171109.csv,30000136740267,360,"
"
IUCAT_ThroughG_SendtoDatabase_reviewed_20171109.csv,30000136705013,361,"
"
IUCAT_ThroughG_SendtoDatabase_reviewed_20171109.csv,30000136704891,362,"
"
IUCAT_ThroughG_SendtoDatabase_reviewed_20171109.csv,30000136649211,516,"
"
IUCAT_ThroughG_SendtoDatabase_reviewed_20171109.csv,30000136649203,517,"
"
IUCAT_ThroughG_SendtoDatabase_reviewed_20171109.csv,30000136918202,673,"
"
IUCAT_ThroughG_SendtoDatabase_reviewed_20171109.csv,30000136918186,674,"
"
IUCAT_ThroughG_SendtoDatabase_reviewed_20171109.csv,30000136603713,675,"
"
IUCAT_ThroughG_SendtoDatabase_reviewed_20171109.csv,30000136603705,676,"
"
IUCAT_ThroughG_SendtoDatabase_reviewed_20171109.csv,30000136603697,677,"
"
Petranoff Collection Inventory_SendtoDatabase_reviewed_20171030.csv,30000157718226,5,"
"
Petranoff Collection Inventory_SendtoDatabase_reviewed_20171030.csv,30000157718267,8,"
"
IUCAT_ThroughL_SendtoDatabase_reviewed_20171221.csv,30000147588283,16,"
"
IUCAT_ThroughL_SendtoDatabase_reviewed_20171221.csv,30000147588242,17,"
"
IUCAT_ThroughL_SendtoDatabase_reviewed_20171221.csv,30000147527380,27,"
"
IUCAT_ThroughL_SendtoDatabase_reviewed_20171221.csv,30000136808544,156,"
"
IUCAT_ThroughL_SendtoDatabase_reviewed_20171221.csv,30000136648726,591,"
"
IUCAT_ThroughL_SendtoDatabase_reviewed_20171221.csv,30000136648700,592,"
"
IUCAT_ThroughL_SendtoDatabase_reviewed_20171221.csv,30000079811422,828,"
"
IUCAT_ThroughL_SendtoDatabase_reviewed_20171221.csv,30000079811414,829,"
"
IUCAT_NETPrintsABC_20171031.csv,30000136803487,144,"
"
IUCAT_NETPrintsABC_20171031.csv,30000068433840,145,"
"
IUCAT_NETPrintsABC_20171031.csv,30000068433832,146,"
"
IUCAT_ThroughA_SendtoDatabase_reviewed_20171101.csv,30000077544991,137,"
"
IUCAT_ThroughA_SendtoDatabase_reviewed_20171101.csv,30000077544983,138,"
"
IUCAT_ThroughA_SendtoDatabase_reviewed_20171101.csv,30000077544959,139,"
"
IUCAT_ThroughA_SendtoDatabase_reviewed_20171101.csv,30000077544942,140,"
"
IUCAT_ThroughA_SendtoDatabase_reviewed_20171101.csv,30000068432909,270,"
"
IUCAT_ThroughA_SendtoDatabase_reviewed_20171101.csv,30000136659624,271,"
"
IUCAT_ThroughA_SendtoDatabase_reviewed_20171101.csv,30000136659657,272,"
"
IUCAT_ThroughA_SendtoDatabase_reviewed_20171101.csv,30000136731787,473,"
"
IUCAT_ThroughA_SendtoDatabase_reviewed_20171101.csv,30000136731779,474,"
"
IUCAT_ThroughA_SendtoDatabase_reviewed_20171101.csv,30000136697368,1091,"
"
IUCAT_ThroughA_SendtoDatabase_reviewed_20171101.csv,30000079856153,1389,"
"
IUCAT_ThroughA_SendtoDatabase_reviewed_20171101.csv,30000079856146,1390,"
"
IUCAT_ThroughA_SendtoDatabase_reviewed_20171101.csv,30000079856138,1391,"
"
IUCAT_ThroughA_SendtoDatabase_reviewed_20171101.csv,30000147528479,1793,"
"
IUCAT_ThroughIandJandK_SendtoDatabase_reviewed_20171220.csv,30000079812800,12,"
"
IUCAT_ThroughIandJandK_SendtoDatabase_reviewed_20171220.csv,30000079812818,13,"
"
IUCAT_ThroughIandJandK_SendtoDatabase_reviewed_20171220.csv,30000147512341,14,"
"
IUCAT_ThroughIandJandK_SendtoDatabase_reviewed_20171220.csv,30000079840454,27,"
"
IUCAT_ThroughIandJandK_SendtoDatabase_reviewed_20171220.csv,30000079840462,28,"
"
IUCAT_ThroughIandJandK_SendtoDatabase_reviewed_20171220.csv,30000147506673,29,"
"
IUCAT_ThroughIandJandK_SendtoDatabase_reviewed_20171220.csv,30000147590560,51,"
"
IUCAT_ThroughIandJandK_SendtoDatabase_reviewed_20171220.csv,30000136698804,305,"
"
IUCAT_ThroughIandJandK_SendtoDatabase_reviewed_20171220.csv,30000136698812,306,"
"
IUCAT_ThroughIandJandK_SendtoDatabase_reviewed_20171220.csv,30000136698820,307,"
"
IUCAT_ThroughIandJandK_SendtoDatabase_reviewed_20171220.csv,30000136698838,308,"
"
IUCAT_ThroughIandJandK_SendtoDatabase_reviewed_20171220.csv,30000136698788,309,"
"
IUCAT_ThroughIandJandK_SendtoDatabase_reviewed_20171220.csv,30000136698796,310,"
"
IUCAT_ThroughIandJandK_SendtoDatabase_reviewed_20171220.csv,30000136698846,311,"
"
IUCAT_ThroughIandJandK_SendtoDatabase_reviewed_20171220.csv,30000136698853,312,"
"
IUCAT_ThroughIandJandK_SendtoDatabase_reviewed_20171220.csv,30000136686585,666,"
"
IUCAT_ThroughIandJandK_SendtoDatabase_reviewed_20171220.csv,30000136695990,667,"
"
IUCAT_ThroughIandJandK_SendtoDatabase_reviewed_20171220.csv,30000136686593,668,"
"
IUCAT_ThroughIandJandK_SendtoDatabase_reviewed_20171220.csv,30000136696006,669,"
"
IUCAT_ThroughIandJandK_SendtoDatabase_reviewed_20171220.csv,30000136686502,670,"
"
IUCAT_ThroughIandJandK_SendtoDatabase_reviewed_20171220.csv,30000136695875,671,"
"
IUCAT_ThroughIandJandK_SendtoDatabase_reviewed_20171220.csv,30000136686510,672,"
"
IUCAT_ThroughIandJandK_SendtoDatabase_reviewed_20171220.csv,30000136695883,673,"
"
IUCAT_ThroughIandJandK_SendtoDatabase_reviewed_20171220.csv,30000136686528,674,"
"
IUCAT_ThroughIandJandK_SendtoDatabase_reviewed_20171220.csv,30000136695891,675,"
"
IUCAT_ThroughIandJandK_SendtoDatabase_reviewed_20171220.csv,30000136824830,676,"
"
IUCAT_ThroughIandJandK_SendtoDatabase_reviewed_20171220.csv,30000136686536,677,"
"
IUCAT_ThroughIandJandK_SendtoDatabase_reviewed_20171220.csv,30000136695909,678,"
"
IUCAT_ThroughIandJandK_SendtoDatabase_reviewed_20171220.csv,30000136824848,679,"
"
IUCAT_ThroughIandJandK_SendtoDatabase_reviewed_20171220.csv,30000136686569,680,"
"
IUCAT_ThroughIandJandK_SendtoDatabase_reviewed_20171220.csv,30000136695958,681,"
"
IUCAT_ThroughIandJandK_SendtoDatabase_reviewed_20171220.csv,30000136686577,682,"
"
IUCAT_ThroughIandJandK_SendtoDatabase_reviewed_20171220.csv,30000136695966,683,"
"
IUCAT_ThroughIandJandK_SendtoDatabase_reviewed_20171220.csv,30000136686544,684,"
"
IUCAT_ThroughIandJandK_SendtoDatabase_reviewed_20171220.csv,30000136695933,685,"
"
IUCAT_ThroughIandJandK_SendtoDatabase_reviewed_20171220.csv,30000149791265,686,"
"
IUCAT_ThroughIandJandK_SendtoDatabase_reviewed_20171220.csv,30000149791687,687,"
"
IUCAT_ThroughIandJandK_SendtoDatabase_reviewed_20171220.csv,30000136686551,688,"
"
IUCAT_ThroughIandJandK_SendtoDatabase_reviewed_20171220.csv,30000136695941,689,"
"
IUCAT_ThroughIandJandK_SendtoDatabase_reviewed_20171220.csv,30000136695974,690,"
"
IUCAT_ThroughIandJandK_SendtoDatabase_reviewed_20171220.csv,30000136695982,691,"
"
IUCAT_ThroughIandJandK_SendtoDatabase_reviewed_20171220.csv,30000136695834,704,"
"
IUCAT_ThroughIandJandK_SendtoDatabase_reviewed_20171220.csv,30000136695842,705,"
"
IUCAT_ThroughIandJandK_SendtoDatabase_reviewed_20171220.csv,30000136686486,706,"
"
IUCAT_ThroughIandJandK_SendtoDatabase_reviewed_20171220.csv,30000136695859,707,"
"
IUCAT_ThroughIandJandK_SendtoDatabase_reviewed_20171220.csv,30000136686494,708,"
"
IUCAT_ThroughIandJandK_SendtoDatabase_reviewed_20171220.csv,30000136695867,709,"
"
IUCAT_ThroughIandJandK_SendtoDatabase_reviewed_20171220.csv,30000136686460,710,"
"
IUCAT_ThroughIandJandK_SendtoDatabase_reviewed_20171220.csv,30000136695818,711,"
"
IUCAT_ThroughIandJandK_SendtoDatabase_reviewed_20171220.csv,30000136686478,712,"
"
IUCAT_ThroughIandJandK_SendtoDatabase_reviewed_20171220.csv,30000136695826,713,"
"
IUCAT_ThroughIandJandK_SendtoDatabase_reviewed_20171220.csv,30000136695917,717,"
"
IUCAT_ThroughIandJandK_SendtoDatabase_reviewed_20171220.csv,30000136695925,718,"
"
IUCAT_ThroughIandJandK_SendtoDatabase_reviewed_20171220.csv,30000077544975,744,"
"
IUCAT_ThroughIandJandK_SendtoDatabase_reviewed_20171220.csv,30000077544967,745,"
"
IUCAT_ThroughIandJandK_SendtoDatabase_reviewed_20171220.csv,30000147591287,747,"
"
IUCAT_ThroughIandJandK_SendtoDatabase_reviewed_20171220.csv,30000068491418,927,"
"
IUCAT_ThroughIandJandK_SendtoDatabase_reviewed_20171220.csv,30000068491426,928,"
"
IUCAT_ThroughIandJandK_SendtoDatabase_reviewed_20171220.csv,30000068491434,929,"
"
IUCAT_ThroughIandJandK_SendtoDatabase_reviewed_20171220.csv,30000136824517,930,"
"
IUCAT_ThroughIandJandK_SendtoDatabase_reviewed_20171220.csv,30000079849851,1350,"
"
IUCAT_ThroughIandJandK_SendtoDatabase_reviewed_20171220.csv,30000079849877,1351,"
"
IUCAT_ThroughIandJandK_SendtoDatabase_reviewed_20171220.csv,30000079849893,1352,"
"
IUCAT_ThroughIandJandK_SendtoDatabase_reviewed_20171220.csv,30000136829516,1353,"
"
IUCAT_ThroughIandJandK_SendtoDatabase_reviewed_20171220.csv,30000136916297,1354,"
"
IUCAT_ThroughIandJandK_SendtoDatabase_reviewed_20171220.csv,30000136926973,1355,"
"
IUCAT_ThroughIandJandK_SendtoDatabase_reviewed_20171220.csv,30000136926981,1356,"
"
IUCAT_ThroughIandJandK_SendtoDatabase_reviewed_20171220.csv,30000079849844,1357,"
"
IUCAT_ThroughIandJandK_SendtoDatabase_reviewed_20171220.csv,30000079849869,1358,"
"
IUCAT_ThroughIandJandK_SendtoDatabase_reviewed_20171220.csv,30000079849885,1359,"
"
IUCAT_ThroughIandJandK_SendtoDatabase_reviewed_20171220.csv,30000136829524,1360,"
"
IUCAT_ThroughIandJandK_SendtoDatabase_reviewed_20171220.csv,30000136916305,1361,"
"
IUCAT_ThroughIandJandK_SendtoDatabase_reviewed_20171220.csv,30000136926999,1362,"
"
IUCAT_ThroughIandJandK_SendtoDatabase_reviewed_20171220.csv,30000136947532,1363,"
"
IUCAT_LetterH_SendtoDatabase_reviewed_20171113.csv,30000136740382,154,"
"
IUCAT_LetterH_SendtoDatabase_reviewed_20171113.csv,30000136696048,904,"
"
IUCAT_LetterH_SendtoDatabase_reviewed_20171113.csv,30000136696030,905,"
"
IUCAT_LetterH_SendtoDatabase_reviewed_20171113.csv,30000136686635,906,"
"
IUCAT_LetterH_SendtoDatabase_reviewed_20171113.csv,30000136686627,907,"
"
IUCAT_ThroughB_SendtoDatabase_reviewed_20171101.csv,30000136721994,95,"
"
IUCAT_ThroughB_SendtoDatabase_reviewed_20171101.csv,30000136724014,568,"
"
IUCAT_ThroughB_SendtoDatabase_reviewed_20171101.csv,30000136724006,569,"
"
IUCAT_ThroughB_SendtoDatabase_reviewed_20171101.csv,30000147505717,570,"
"
IUCAT_ThroughB_SendtoDatabase_reviewed_20171101.csv,30000147527919,1156,"
"
Moss Collection Inventory_SendtoDatabase_reviewed_20171016.csv,30000149784633,55,"
"
Moss Collection Inventory_SendtoDatabase_reviewed_20171016.csv,30000149786760,266,"
"
Moss Collection Inventory_SendtoDatabase_reviewed_20171016.csv,30000149787149,304,"
"
Moss Collection Inventory_SendtoDatabase_reviewed_20171016.csv,30000149810602,321,"
"
Moss Collection Inventory_SendtoDatabase_reviewed_20171016.csv,30000149810610,322,"
"
Moss Collection Inventory_SendtoDatabase_reviewed_20171016.csv,30000149811659,425,"
"
Moss Collection Inventory_SendtoDatabase_reviewed_20171016.csv,30000149812210,480,"
"
Moss Collection Inventory_SendtoDatabase_reviewed_20171016.csv,30000149812350,494,"
"
Moss Collection Inventory_SendtoDatabase_reviewed_20171016.csv,30000149812368,495,"
"
Moss Collection Inventory_SendtoDatabase_reviewed_20171016.csv,30000149812400,499,"
"
Moss Collection Inventory_SendtoDatabase_reviewed_20171016.csv,30000149812418,500,"
"
Moss Collection Inventory_SendtoDatabase_reviewed_20171016.csv,30000149813283,580,"
"
Moss Collection Inventory_SendtoDatabase_reviewed_20171016.csv,30000149813291,581,"
"
Moss Collection Inventory_SendtoDatabase_reviewed_20171016.csv,30000149813309,582,"
"
Moss Collection Inventory_SendtoDatabase_reviewed_20171016.csv,30000149813317,583,"
"
Moss Collection Inventory_SendtoDatabase_reviewed_20171016.csv,30000149813325,584,"
"
Moss Collection Inventory_SendtoDatabase_reviewed_20171016.csv,30000149813333,585,"
"
Moss Collection Inventory_SendtoDatabase_reviewed_20171016.csv,30000149813341,586,"
"
Moss Collection Inventory_SendtoDatabase_reviewed_20171016.csv,30000149813515,600,"
"
Moss Collection Inventory_SendtoDatabase_reviewed_20171016.csv,30000149813523,601,"
"
Moss Collection Inventory_SendtoDatabase_reviewed_20171016.csv,30000149813531,602,"
"
Moss Collection Inventory_SendtoDatabase_reviewed_20171016.csv,30000149813549,603,"
"
Moss Collection Inventory_SendtoDatabase_reviewed_20171016.csv,30000149813556,604,"
"
Moss Collection Inventory_SendtoDatabase_reviewed_20171016.csv,30000149813564,605,"
"
Moss Collection Inventory_SendtoDatabase_reviewed_20171016.csv,30000149813572,606,"
"
Moss Collection Inventory_SendtoDatabase_reviewed_20171016.csv,30000149813580,607,"
"
Moss Collection Inventory_SendtoDatabase_reviewed_20171016.csv,30000149813598,608,"
"
Moss Collection Inventory_SendtoDatabase_reviewed_20171016.csv,30000149813606,609,"
"
Moss Collection Inventory_SendtoDatabase_reviewed_20171016.csv,30000149813945,643,"
"
Loyola Marymount Collection_SendtoDatabase_reviewed_20171218.csv,30000147511012,28,"
"
Loyola Marymount Collection_SendtoDatabase_reviewed_20171218.csv,30000147511020,29,"
"
Loyola Marymount Collection_SendtoDatabase_reviewed_20171218.csv,30000147511038,30,"
"
Loyola Marymount Collection_SendtoDatabase_reviewed_20171218.csv,30000147511053,32,"
"
Loyola Marymount Collection_SendtoDatabase_reviewed_20171218.csv,30000147511095,36,"
"
Loyola Marymount Collection_SendtoDatabase_reviewed_20171218.csv,30000147528180,99,"
"
Loyola Marymount Collection_SendtoDatabase_reviewed_20171218.csv,30000147528321,107,"
"
Loyola Marymount Collection_SendtoDatabase_reviewed_20171218.csv,30000147528487,119,"
"
Loyola Marymount Collection_SendtoDatabase_reviewed_20171218.csv,30000147528503,121,"
"
Loyola Marymount Collection_SendtoDatabase_reviewed_20171218.csv,30000147528560,126,"
"
University of Arizona Inventory_SendtoDatabase_reviewed_20171024.csv,30000149779757,2,"
"
University of Arizona Inventory_SendtoDatabase_reviewed_20171024.csv,30000149779765,3,"
"
University of Arizona Inventory_SendtoDatabase_reviewed_20171024.csv,30000149781852,36,"
"
University of Arizona Inventory_SendtoDatabase_reviewed_20171024.csv,30000149781860,37,"
"
University of Arizona Inventory_SendtoDatabase_reviewed_20171024.csv,30000149781944,45,"
"
University of Arizona Inventory_SendtoDatabase_reviewed_20171024.csv,30000149781951,46,"
"
University of Arizona Inventory_SendtoDatabase_reviewed_20171024.csv,30000149782082,59,"
"
University of Arizona Inventory_SendtoDatabase_reviewed_20171024.csv,30000149782231,74,"
"
University of Arizona Inventory_SendtoDatabase_reviewed_20171024.csv,30000149782264,77,"
"
University of Arizona Inventory_SendtoDatabase_reviewed_20171024.csv,30000149782355,86,"
"
University of Arizona Inventory_SendtoDatabase_reviewed_20171024.csv,30000149782389,89,"
"
University of Arizona Inventory_SendtoDatabase_reviewed_20171024.csv,30000149782546,105,"
"
University of Arizona Inventory_SendtoDatabase_reviewed_20171024.csv,30000149782694,119,"
"
University of Arizona Inventory_SendtoDatabase_reviewed_20171024.csv,30000149782702,120,"
"
University of Arizona Inventory_SendtoDatabase_reviewed_20171024.csv,30000149782785,128,"
"
University of Arizona Inventory_SendtoDatabase_reviewed_20171024.csv,30000149782793,129,"
"
University of Arizona Inventory_SendtoDatabase_reviewed_20171024.csv,30000149782801,130,"
"
University of Arizona Inventory_SendtoDatabase_reviewed_20171024.csv,30000149782975,147,"
"
University of Arizona Inventory_SendtoDatabase_reviewed_20171024.csv,30000149783023,152,"
"
University of Arizona Inventory_SendtoDatabase_reviewed_20171024.csv,30000149783031,153,"
"
University of Arizona Inventory_SendtoDatabase_reviewed_20171024.csv,30000149783049,154,"
"
University of Arizona Inventory_SendtoDatabase_reviewed_20171024.csv,30000149783155,165,"
"
University of Arizona Inventory_SendtoDatabase_reviewed_20171024.csv,30000149783296,179,"
"
University of Arizona Inventory_SendtoDatabase_reviewed_20171024.csv,30000149783536,203,"
"
University of Arizona Inventory_SendtoDatabase_reviewed_20171024.csv,30000149783544,204,"
"
University of Arizona Inventory_SendtoDatabase_reviewed_20171024.csv,30000149783569,206,"
"
University of Arizona Inventory_SendtoDatabase_reviewed_20171024.csv,30000149783593,209,"
"
University of Arizona Inventory_SendtoDatabase_reviewed_20171024.csv,30000149784005,250,"
"
University of Arizona Inventory_SendtoDatabase_reviewed_20171024.csv,30000149784120,262,"
"
University of Arizona Inventory_SendtoDatabase_reviewed_20171024.csv,30000149784211,271,"
"
University of Arizona Inventory_SendtoDatabase_reviewed_20171024.csv,30000149814141,290,"
"
University of Arizona Inventory_SendtoDatabase_reviewed_20171024.csv,30000149814315,307,"
"
University of Arizona Inventory_SendtoDatabase_reviewed_20171024.csv,30000149814323,308,"
"
University of Arizona Inventory_SendtoDatabase_reviewed_20171024.csv,30000149814331,309,"
"
University of Arizona Inventory_SendtoDatabase_reviewed_20171024.csv,30000149814349,310,"
"
University of Arizona Inventory_SendtoDatabase_reviewed_20171024.csv,30000149814745,342,"
"
University of Arizona Inventory_SendtoDatabase_reviewed_20171024.csv,30000149814752,343,"
"
University of Arizona Inventory_SendtoDatabase_reviewed_20171024.csv,30000149815528,420,"
"
University of Arizona Inventory_SendtoDatabase_reviewed_20171024.csv,30000149815692,437,"
"
University of Arizona Inventory_SendtoDatabase_reviewed_20171024.csv,30000149815700,438,"
"
University of Arizona Inventory_SendtoDatabase_reviewed_20171024.csv,30000149815841,452,"
"
University of Arizona Inventory_SendtoDatabase_reviewed_20171024.csv,30000149817474,613,"
"
University of Arizona Inventory_SendtoDatabase_reviewed_20171024.csv,30000149817490,615,"
"
University of Arizona Inventory_SendtoDatabase_reviewed_20171024.csv,30000149817557,621,"
"
University of Arizona Inventory_SendtoDatabase_reviewed_20171024.csv,30000149817979,662,"
"
University of Arizona Inventory_SendtoDatabase_reviewed_20171024.csv,30000149818126,677,"
"
University of Arizona Inventory_SendtoDatabase_reviewed_20171024.csv,30000149818134,678,"
"
University of Arizona Inventory_SendtoDatabase_reviewed_20171024.csv,30000149818589,723,"
"
University of Arizona Inventory_SendtoDatabase_reviewed_20171024.csv,30000149818597,724,"
"
University of Arizona Inventory_SendtoDatabase_reviewed_20171024.csv,30000149818621,727,"
"
University of Arizona Inventory_SendtoDatabase_reviewed_20171024.csv,30000149818993,764,"
"
University of Arizona Inventory_SendtoDatabase_reviewed_20171024.csv,30000149819009,765,"
"
University of Arizona Inventory_SendtoDatabase_reviewed_20171024.csv,30000160280131,770,"
"
University of Arizona Inventory_SendtoDatabase_reviewed_20171024.csv,30000160280248,781,"
"
University of Arizona Inventory_SendtoDatabase_reviewed_20171024.csv,30000160280255,782,"
"
IUCAT_ThroughEandF_SendtoDatabase_reviewed_20171114.csv,30000079862110,25,"
"
IUCAT_ThroughEandF_SendtoDatabase_reviewed_20171114.csv,30000136695693,220,"
"
IUCAT_ThroughEandF_SendtoDatabase_reviewed_20171114.csv,30000147586469,623,"
"
IUCAT_ThroughEandF_SendtoDatabase_reviewed_20171114.csv,30000136740291,716,"
"
IUCAT_ThroughEandF_SendtoDatabase_reviewed_20171114.csv,30000147527570,995,"
"
IUCAT_ThroughEandF_SendtoDatabase_reviewed_20171114.csv,30000079816140,1244,"
"
IUCAT_ThroughEandF_SendtoDatabase_reviewed_20171114.csv,30000079816157,1245,"
"
IUCAT_ThroughEandF_SendtoDatabase_reviewed_20171114.csv,30000079851402,1636,"
"
IUCAT_ThroughEandF_SendtoDatabase_reviewed_20171114.csv,30000079851428,1637,"
"
IUCAT_ThroughEandF_SendtoDatabase_reviewed_20171114.csv,30000079851600,1638,"
"
IUCAT_ThroughEandF_SendtoDatabase_reviewed_20171114.csv,30000079851618,1639,"
"
IUCAT_ThroughEandF_SendtoDatabase_reviewed_20171114.csv,30000079851626,1640,"
"
IUCAT_ThroughEandF_SendtoDatabase_reviewed_20171114.csv,30000079851634,1641,"
"
IUCAT_ThroughNO_SendtoDatabase_reviewed_20171222.csv,30000147505824,54,"
"
IUCAT_ThroughNO_SendtoDatabase_reviewed_20171222.csv,30000147505568,55,"
"
IUCAT_ThroughNO_SendtoDatabase_reviewed_20171222.csv,30000136736364,345,"
"
IUCAT_ThroughNO_SendtoDatabase_reviewed_20171222.csv,30000136736166,346,"
"
IUCAT_ThroughNO_SendtoDatabase_reviewed_20171222.csv,30000079862813,716,"
"
IUCAT_ThroughNO_SendtoDatabase_reviewed_20171222.csv,30000079862805,717,"
"
IUCAT_ThroughNO_SendtoDatabase_reviewed_20171222.csv,30000079833103,840,"
"
IUCAT_ThroughNO_SendtoDatabase_reviewed_20171222.csv,30000079829184,845,"
"
AIT Films_SendtoDatabase_Reviewed_20180111.csv,30000157734686,2,"
"
AIT Films_SendtoDatabase_Reviewed_20180111.csv,30000157790001,3,"
"
AIT Films_SendtoDatabase_Reviewed_20180111.csv,30000157790027,4,"
"
AIT Films_SendtoDatabase_Reviewed_20180111.csv,30000157790043,5,"
"
AIT Films_SendtoDatabase_Reviewed_20180111.csv,30000157790050,6,"
"
AIT Films_SendtoDatabase_Reviewed_20180111.csv,30000157790068,7,"
"
AIT Films_SendtoDatabase_Reviewed_20180111.csv,30000157724240,8,"
"
AIT Films_SendtoDatabase_Reviewed_20180111.csv,30000157724257,9,"
"
AIT Films_SendtoDatabase_Reviewed_20180111.csv,30000157724380,10,"
"
AIT Films_SendtoDatabase_Reviewed_20180111.csv,30000157724430,11,"
"
AIT Films_SendtoDatabase_Reviewed_20180111.csv,30000157724471,12,"
"
AIT Films_SendtoDatabase_Reviewed_20180111.csv,30000157724489,13,"
"
AIT Films_SendtoDatabase_Reviewed_20180111.csv,30000157724505,14,"
"
AIT Films_SendtoDatabase_Reviewed_20180111.csv,30000157724547,15,"
"
AIT Films_SendtoDatabase_Reviewed_20180111.csv,30000157724554,16,"
"
AIT Films_SendtoDatabase_Reviewed_20180111.csv,30000157724562,17,"
"
AIT Films_SendtoDatabase_Reviewed_20180111.csv,30000157734587,18,"
"
AIT Films_SendtoDatabase_Reviewed_20180111.csv,30000157734595,19,"
"
AIT Films_SendtoDatabase_Reviewed_20180111.csv,30000157734603,20,"
"
AIT Films_SendtoDatabase_Reviewed_20180111.csv,30000157734611,21,"
"
AIT Films_SendtoDatabase_Reviewed_20180111.csv,30000157734629,22,"
"
AIT Films_SendtoDatabase_Reviewed_20180111.csv,30000157734637,23,"
"
AIT Films_SendtoDatabase_Reviewed_20180111.csv,30000157734645,24,"
"
AIT Films_SendtoDatabase_Reviewed_20180111.csv,30000157734652,25,"
"
AIT Films_SendtoDatabase_Reviewed_20180111.csv,30000157734660,26,"
"
AIT Films_SendtoDatabase_Reviewed_20180111.csv,30000157734678,27,"
"
AIT Films_SendtoDatabase_Reviewed_20180111.csv,30000157790019,28,"
"
AIT Films_SendtoDatabase_Reviewed_20180111.csv,30000157790035,29,"
"
AIT Films_SendtoDatabase_Reviewed_20180111.csv,30000157725007,30,"
"
AIT Films_SendtoDatabase_Reviewed_20180111.csv,30000157723655,31,"
"
AIT Films_SendtoDatabase_Reviewed_20180111.csv,30000157723663,32,"
"
AIT Films_SendtoDatabase_Reviewed_20180111.csv,30000157723671,33,"
"
AIT Films_SendtoDatabase_Reviewed_20180111.csv,30000157724083,34,"
"
AIT Films_SendtoDatabase_Reviewed_20180111.csv,30000157723689,35,"
"
AIT Films_SendtoDatabase_Reviewed_20180111.csv,30000157724075,36,"
"
AIT Films_SendtoDatabase_Reviewed_20180111.csv,30000157723705,38,"
"
AIT Films_SendtoDatabase_Reviewed_20180111.csv,30000157734389,39,"
"
AIT Films_SendtoDatabase_Reviewed_20180111.csv,30000157734397,40,"
"
AIT Films_SendtoDatabase_Reviewed_20180111.csv,30000157734405,41,"
"
AIT Films_SendtoDatabase_Reviewed_20180111.csv,30000157734413,42,"
"
AIT Films_SendtoDatabase_Reviewed_20180111.csv,30000157734421,43,"
"
AIT Films_SendtoDatabase_Reviewed_20180111.csv,30000157734439,44,"
"
AIT Films_SendtoDatabase_Reviewed_20180111.csv,30000157724190,45,"
"
AIT Films_SendtoDatabase_Reviewed_20180111.csv,30000157724208,46,"
"
AIT Films_SendtoDatabase_Reviewed_20180111.csv,30000157724216,47,"
"
AIT Films_SendtoDatabase_Reviewed_20180111.csv,30000157724224,48,"
"
AIT Films_SendtoDatabase_Reviewed_20180111.csv,30000157724232,49,"
"
AIT Films_SendtoDatabase_Reviewed_20180111.csv,30000157724265,50,"
"
AIT Films_SendtoDatabase_Reviewed_20180111.csv,30000157724273,51,"
"
AIT Films_SendtoDatabase_Reviewed_20180111.csv,30000157724281,52,"
"
AIT Films_SendtoDatabase_Reviewed_20180111.csv,30000157734447,53,"
"
AIT Films_SendtoDatabase_Reviewed_20180111.csv,30000157734454,54,"
"
AIT Films_SendtoDatabase_Reviewed_20180111.csv,30000157734462,55,"
"
AIT Films_SendtoDatabase_Reviewed_20180111.csv,30000157734470,56,"
"
AIT Films_SendtoDatabase_Reviewed_20180111.csv,30000157734488,57,"
"
AIT Films_SendtoDatabase_Reviewed_20180111.csv,30000157734496,58,"
"
AIT Films_SendtoDatabase_Reviewed_20180111.csv,30000157723713,59,"
"
AIT Films_SendtoDatabase_Reviewed_20180111.csv,30000157723721,60,"
"
AIT Films_SendtoDatabase_Reviewed_20180111.csv,30000157723739,61,"
"
AIT Films_SendtoDatabase_Reviewed_20180111.csv,30000157723747,62,"
"
AIT Films_SendtoDatabase_Reviewed_20180111.csv,30000157724067,63,"
"
AIT Films_SendtoDatabase_Reviewed_20180111.csv,30000157724059,64,"
"
AIT Films_SendtoDatabase_Reviewed_20180111.csv,30000157734504,65,"
"
AIT Films_SendtoDatabase_Reviewed_20180111.csv,30000157734512,66,"
"
AIT Films_SendtoDatabase_Reviewed_20180111.csv,30000157734520,67,"
"
AIT Films_SendtoDatabase_Reviewed_20180111.csv,30000157734538,68,"
"
AIT Films_SendtoDatabase_Reviewed_20180111.csv,30000157734546,69,"
"
AIT Films_SendtoDatabase_Reviewed_20180111.csv,30000157724299,70,"
"
AIT Films_SendtoDatabase_Reviewed_20180111.csv,30000157724307,71,"
"
AIT Films_SendtoDatabase_Reviewed_20180111.csv,30000157724315,72,"
"
AIT Films_SendtoDatabase_Reviewed_20180111.csv,30000157724323,73,"
"
AIT Films_SendtoDatabase_Reviewed_20180111.csv,30000157724331,74,"
"
AIT Films_SendtoDatabase_Reviewed_20180111.csv,30000157724349,75,"
"
AIT Films_SendtoDatabase_Reviewed_20180111.csv,30000157724356,76,"
"
AIT Films_SendtoDatabase_Reviewed_20180111.csv,30000157724364,77,"
"
AIT Films_SendtoDatabase_Reviewed_20180111.csv,30000157724372,78,"
"
AIT Films_SendtoDatabase_Reviewed_20180111.csv,30000157724398,79,"
"
AIT Films_SendtoDatabase_Reviewed_20180111.csv,30000157724406,80,"
"
AIT Films_SendtoDatabase_Reviewed_20180111.csv,30000157724414,81,"
"
AIT Films_SendtoDatabase_Reviewed_20180111.csv,30000157724422,82,"
"
AIT Films_SendtoDatabase_Reviewed_20180111.csv,30000157724448,83,"
"
AIT Films_SendtoDatabase_Reviewed_20180111.csv,30000157724455,84,"
"
AIT Films_SendtoDatabase_Reviewed_20180111.csv,30000157724463,85,"
"
AIT Films_SendtoDatabase_Reviewed_20180111.csv,30000157724497,86,"
"
AIT Films_SendtoDatabase_Reviewed_20180111.csv,30000157724513,87,"
"
AIT Films_SendtoDatabase_Reviewed_20180111.csv,30000157724521,88,"
"
AIT Films_SendtoDatabase_Reviewed_20180111.csv,30000157724539,89,"
"
AIT Films_SendtoDatabase_Reviewed_20180111.csv,30000157704895,90,"
"
AIT Films_SendtoDatabase_Reviewed_20180111.csv,30000157704903,91,"
"
AIT Films_SendtoDatabase_Reviewed_20180111.csv,30000157704911,92,"
"
AIT Films_SendtoDatabase_Reviewed_20180111.csv,30000157704929,93,"
"
AIT Films_SendtoDatabase_Reviewed_20180111.csv,30000157704937,94,"
"
AIT Films_SendtoDatabase_Reviewed_20180111.csv,30000157704945,95,"
"
AIT Films_SendtoDatabase_Reviewed_20180111.csv,30000157704952,96,"
"
AIT Films_SendtoDatabase_Reviewed_20180111.csv,30000157704960,97,"
"
AIT Films_SendtoDatabase_Reviewed_20180111.csv,30000157704978,98,"
"
AIT Films_SendtoDatabase_Reviewed_20180111.csv,30000157704986,99,"
"
AIT Films_SendtoDatabase_Reviewed_20180111.csv,30000157704994,100,"
"
AIT Films_SendtoDatabase_Reviewed_20180111.csv,30000157705009,101,"
"
AIT Films_SendtoDatabase_Reviewed_20180111.csv,30000157705017,102,"
"
AIT Films_SendtoDatabase_Reviewed_20180111.csv,30000157705025,103,"
"
AIT Films_SendtoDatabase_Reviewed_20180111.csv,30000157705033,104,"
"
AIT Films_SendtoDatabase_Reviewed_20180111.csv,30000157705041,105,"
"
AIT Films_SendtoDatabase_Reviewed_20180111.csv,30000157705058,106,"
"
AIT Films_SendtoDatabase_Reviewed_20180111.csv,30000157705066,107,"
"
AIT Films_SendtoDatabase_Reviewed_20180111.csv,30000157705074,108,"
"
AIT Films_SendtoDatabase_Reviewed_20180111.csv,30000157705082,109,"
"
AIT Films_SendtoDatabase_Reviewed_20180111.csv,30000157705090,110,"
"
AIT Films_SendtoDatabase_Reviewed_20180111.csv,30000157705108,111,"
"
AIT Films_SendtoDatabase_Reviewed_20180111.csv,30000157705124,113,"
"
AIT Films_SendtoDatabase_Reviewed_20180111.csv,30000157705132,114,"
"
AIT Films_SendtoDatabase_Reviewed_20180111.csv,30000157705140,115,"
"
AIT Films_SendtoDatabase_Reviewed_20180111.csv,30000157705157,116,"
"
AIT Films_SendtoDatabase_Reviewed_20180111.csv,30000157705165,117,"
"
AIT Films_SendtoDatabase_Reviewed_20180111.csv,30000157705181,119,"
"
AIT Films_SendtoDatabase_Reviewed_20180111.csv,30000157705199,120,"
"
AIT Films_SendtoDatabase_Reviewed_20180111.csv,30000157705207,121,"
"
AIT Films_SendtoDatabase_Reviewed_20180111.csv,30000157705215,122,"
"
AIT Films_SendtoDatabase_Reviewed_20180111.csv,30000157705223,123,"
"
AIT Films_SendtoDatabase_Reviewed_20180111.csv,30000157705231,124,"
"
AIT Films_SendtoDatabase_Reviewed_20180111.csv,30000157705249,125,"
"
To Be Determined Films Aisle 20_SendtoDatabase_reviewed_20180111.csv,30000149824132,7,"
"
To Be Determined Films Aisle 20_SendtoDatabase_reviewed_20180111.csv,30000149824165,10,"
"
To Be Determined Films Aisle 20_SendtoDatabase_reviewed_20180111.csv,30000149824173,11,"
"
To Be Determined Films Aisle 20_SendtoDatabase_reviewed_20180111.csv,30000149824199,13,"
"
To Be Determined Films Aisle 20_SendtoDatabase_reviewed_20180111.csv,30000149825485,15,"
"
To Be Determined Films Aisle 20_SendtoDatabase_reviewed_20180111.csv,30000149825493,16,"
"
To Be Determined Films Aisle 20_SendtoDatabase_reviewed_20180111.csv,30000149825501,17,"
"
To Be Determined Films Aisle 20_SendtoDatabase_reviewed_20180111.csv,30000149825519,18,"
"
To Be Determined Films Aisle 20_SendtoDatabase_reviewed_20180111.csv,30000149825527,19,"
"
To Be Determined Films Aisle 20_SendtoDatabase_reviewed_20180111.csv,30000149825535,20,"
"
To Be Determined Films Aisle 20_SendtoDatabase_reviewed_20180111.csv,30000149825550,22,"
"
To Be Determined Films Aisle 20_SendtoDatabase_reviewed_20180111.csv,30000149825568,23,"
"
To Be Determined Films Aisle 20_SendtoDatabase_reviewed_20180111.csv,30000149825576,24,"
"
To Be Determined Films Aisle 20_SendtoDatabase_reviewed_20180111.csv,30000149825634,30,"
"
To Be Determined Films Aisle 20_SendtoDatabase_reviewed_20180111.csv,30000149828299,36,"
"
To Be Determined Films Aisle 20_SendtoDatabase_reviewed_20180111.csv,30000149828281,37,"
"
To Be Determined Films Aisle 20_SendtoDatabase_reviewed_20180111.csv,30000149828273,38,"
"
To Be Determined Films Aisle 20_SendtoDatabase_reviewed_20180111.csv,30000149828307,39,"
"
To Be Determined Films Aisle 20_SendtoDatabase_reviewed_20180111.csv,30000149828315,40,"
"
To Be Determined Films Aisle 20_SendtoDatabase_reviewed_20180111.csv,30000149828349,43,"
"
To Be Determined Films Aisle 20_SendtoDatabase_reviewed_20180111.csv,30000149828356,44,"
"
To Be Determined Films Aisle 20_SendtoDatabase_reviewed_20180111.csv,30000149828364,45,"
"
To Be Determined Films Aisle 20_SendtoDatabase_reviewed_20180111.csv,30000149828372,46,"
"
To Be Determined Films Aisle 20_SendtoDatabase_reviewed_20180111.csv,30000149828414,51,"
"
To Be Determined Films Aisle 20_SendtoDatabase_reviewed_20180111.csv,30000157685730,70,"
"
To Be Determined Films Aisle 20_SendtoDatabase_reviewed_20180111.csv,30000157685755,74,"
"
To Be Determined Films Aisle 20_SendtoDatabase_reviewed_20180111.csv,30000157712229,102,"
"
To Be Determined Films Aisle 20_SendtoDatabase_reviewed_20180111.csv,30000157712245,104,"
"
To Be Determined Films Aisle 20_SendtoDatabase_reviewed_20180111.csv,30000157712393,118,"
"
To Be Determined Films Aisle 20_SendtoDatabase_reviewed_20180111.csv,30000157712443,123,"
"
To Be Determined Films Aisle 20_SendtoDatabase_reviewed_20180111.csv,30000157712807,128,"
"
To Be Determined Films Aisle 20_SendtoDatabase_reviewed_20180111.csv,30000157712914,139,"
"
To Be Determined Films Aisle 20_SendtoDatabase_reviewed_20180111.csv,30000157712922,140,"
"
To Be Determined Films Aisle 20_SendtoDatabase_reviewed_20180111.csv,30000157712930,141,"
"
To Be Determined Films Aisle 20_SendtoDatabase_reviewed_20180111.csv,30000157712948,142,"
"
To Be Determined Films Aisle 20_SendtoDatabase_reviewed_20180111.csv,30000157714092,151,"
"
IUCAT_ThroughD_SendtoDatabase_reviewed_20171108.csv,30000136716408,67,"
"
IUCAT_ThroughD_SendtoDatabase_reviewed_20171108.csv,30000136736174,68,"
"
IUCAT_ThroughD_SendtoDatabase_reviewed_20171108.csv,30000136736182,69,"
"
IUCAT_ThroughD_SendtoDatabase_reviewed_20171108.csv,30000136915240,70,"
"
IUCAT_ThroughD_SendtoDatabase_reviewed_20171108.csv,30000147505576,71,"
"
IUCAT_ThroughD_SendtoDatabase_reviewed_20171108.csv,30000147512192,72,"
"
IUCAT_ThroughD_SendtoDatabase_reviewed_20171108.csv,30000077551012,100,"
"
IUCAT_ThroughD_SendtoDatabase_reviewed_20171108.csv,30000077551020,101,"
"
IUCAT_ThroughD_SendtoDatabase_reviewed_20171108.csv,30000077551038,102,"
"
IUCAT_ThroughD_SendtoDatabase_reviewed_20171108.csv,30000077551046,103,"
"
IUCAT_ThroughD_SendtoDatabase_reviewed_20171108.csv,30000077541039,518,"
"
IUCAT_ThroughD_SendtoDatabase_reviewed_20171108.csv,30000077541047,519,"
"
IUCAT_ThroughD_SendtoDatabase_reviewed_20171108.csv,30000136691353,547,"
"
IUCAT_ThroughD_SendtoDatabase_reviewed_20171108.csv,30000136691361,548,"
"
IUCAT_ThroughD_SendtoDatabase_reviewed_20171108.csv,30000136691379,549,"
"
IUCAT_ThroughD_SendtoDatabase_reviewed_20171108.csv,30000136691387,550,"
"
IUCAT_ThroughD_SendtoDatabase_reviewed_20171108.csv,30000136691395,551,"
"
IUCAT_ThroughD_SendtoDatabase_reviewed_20171108.csv,30000136691403,552,"
"
IUCAT_ThroughD_SendtoDatabase_reviewed_20171108.csv,30000136691411,553,"
"
IUCAT_ThroughD_SendtoDatabase_reviewed_20171108.csv,30000136691429,554,"
"
IUCAT_ThroughD_SendtoDatabase_reviewed_20171108.csv,30000136691437,555,"
"
IUCAT_ThroughD_SendtoDatabase_reviewed_20171108.csv,30000136691445,556,"
"
IUCAT_ThroughD_SendtoDatabase_reviewed_20171108.csv,30000136674342,642,"
"
IUCAT_ThroughD_SendtoDatabase_reviewed_20171108.csv,30000136674359,643,"
"
IUCAT_ThroughD_SendtoDatabase_reviewed_20171108.csv,30000136674367,644,"
"
IUCAT_ThroughD_SendtoDatabase_reviewed_20171108.csv,30000136674375,645,"
"
IUCAT_ThroughD_SendtoDatabase_reviewed_20171108.csv,30000136674888,646,"
"
IUCAT_ThroughD_SendtoDatabase_reviewed_20171108.csv,30000136674896,647,"
"
IUCAT_ThroughD_SendtoDatabase_reviewed_20171108.csv,30000136674912,648,"
"
IUCAT_ThroughD_SendtoDatabase_reviewed_20171108.csv,30000136674920,649,"
"
IUCAT_ThroughD_SendtoDatabase_reviewed_20171108.csv,30000136674938,650,"
"
IUCAT_ThroughD_SendtoDatabase_reviewed_20171108.csv,30000079865063,705,"
"
IUCAT_ThroughD_SendtoDatabase_reviewed_20171108.csv,30000147525632,706,"
"
Pratt 3rd Acquistion Collection Inventory_SendtoDatabase_reviewed_20171024.csv,30000149801692,15,"
"
Pratt 3rd Acquistion Collection Inventory_SendtoDatabase_reviewed_20171024.csv,30000149801700,16,"
"
Pratt 3rd Acquistion Collection Inventory_SendtoDatabase_reviewed_20171024.csv,30000149801718,17,"
"
Pratt 3rd Acquistion Collection Inventory_SendtoDatabase_reviewed_20171024.csv,30000149801726,18,"
"
Pratt 3rd Acquistion Collection Inventory_SendtoDatabase_reviewed_20171024.csv,30000149801734,19,"
"
Pratt 3rd Acquistion Collection Inventory_SendtoDatabase_reviewed_20171024.csv,30000149801742,20,"
"
Pratt 3rd Acquistion Collection Inventory_SendtoDatabase_reviewed_20171024.csv,30000149801759,21,"
"
Pratt 3rd Acquistion Collection Inventory_SendtoDatabase_reviewed_20171024.csv,30000149801767,22,"
"
Pratt 3rd Acquistion Collection Inventory_SendtoDatabase_reviewed_20171024.csv,30000149801775,23,"
"
Pratt 3rd Acquistion Collection Inventory_SendtoDatabase_reviewed_20171024.csv,30000149801783,24,"
"
Pratt 3rd Acquistion Collection Inventory_SendtoDatabase_reviewed_20171024.csv,30000149801825,28,"
"
Pratt 3rd Acquistion Collection Inventory_SendtoDatabase_reviewed_20171024.csv,30000149801833,29,"
"
Pratt 3rd Acquistion Collection Inventory_SendtoDatabase_reviewed_20171024.csv,30000149801882,34,"
"
Pratt 3rd Acquistion Collection Inventory_SendtoDatabase_reviewed_20171024.csv,30000149801890,35,"
"
Pratt 3rd Acquistion Collection Inventory_SendtoDatabase_reviewed_20171024.csv,30000149801908,36,"
"
Pratt 3rd Acquistion Collection Inventory_SendtoDatabase_reviewed_20171024.csv,30000149801916,37,"
"
Pratt 3rd Acquistion Collection Inventory_SendtoDatabase_reviewed_20171024.csv,30000149801973,43,"
"
Pratt 3rd Acquistion Collection Inventory_SendtoDatabase_reviewed_20171024.csv,30000149801981,44,"
"
Pratt 3rd Acquistion Collection Inventory_SendtoDatabase_reviewed_20171024.csv,30000149801999,45,"
"
Pratt 3rd Acquistion Collection Inventory_SendtoDatabase_reviewed_20171024.csv,30000149802005,46,"
"
Pratt 3rd Acquistion Collection Inventory_SendtoDatabase_reviewed_20171024.csv,30000149802013,47,"
"
Pratt 3rd Acquistion Collection Inventory_SendtoDatabase_reviewed_20171024.csv,30000149802070,53,"
"
Pratt 3rd Acquistion Collection Inventory_SendtoDatabase_reviewed_20171024.csv,30000149802088,54,"
"
Pratt 3rd Acquistion Collection Inventory_SendtoDatabase_reviewed_20171024.csv,30000149802096,55,"
"
Pratt 3rd Acquistion Collection Inventory_SendtoDatabase_reviewed_20171024.csv,30000149802104,56,"
"
Pratt 3rd Acquistion Collection Inventory_SendtoDatabase_reviewed_20171024.csv,30000149802112,57,"
"
IUCAT_ThroughC_SendtoDatabase_reviewed_20171101.csv,30000077544777,168,"
"
IUCAT_ThroughC_SendtoDatabase_reviewed_20171101.csv,30000077544769,169,"
"
IUCAT_ThroughC_SendtoDatabase_reviewed_20171101.csv,30000077544934,170,"
"
IUCAT_ThroughC_SendtoDatabase_reviewed_20171101.csv,30000077544926,171,"
"
IUCAT_ThroughC_SendtoDatabase_reviewed_20171101.csv,30000077544918,172,"
"
IUCAT_ThroughC_SendtoDatabase_reviewed_20171101.csv,30000077544900,173,"
"
IUCAT_ThroughC_SendtoDatabase_reviewed_20171101.csv,30000077544421,175,"
"
IUCAT_ThroughC_SendtoDatabase_reviewed_20171101.csv,30000077544413,176,"
"
IUCAT_ThroughC_SendtoDatabase_reviewed_20171101.csv,30000077544405,177,"
"
IUCAT_ThroughC_SendtoDatabase_reviewed_20171101.csv,30000077544538,178,"
"
IUCAT_ThroughC_SendtoDatabase_reviewed_20171101.csv,30000077544520,179,"
"
IUCAT_ThroughC_SendtoDatabase_reviewed_20171101.csv,30000077544751,180,"
"
IUCAT_ThroughC_SendtoDatabase_reviewed_20171101.csv,30000077544744,181,"
"
IUCAT_ThroughC_SendtoDatabase_reviewed_20171101.csv,30000077544736,182,"
"
IUCAT_ThroughC_SendtoDatabase_reviewed_20171101.csv,30000077544728,183,"
"
IUCAT_ThroughC_SendtoDatabase_reviewed_20171101.csv,30000077544710,184,"
"
IUCAT_ThroughC_SendtoDatabase_reviewed_20171101.csv,30000077544702,185,"
"
IUCAT_ThroughC_SendtoDatabase_reviewed_20171101.csv,30000077544686,187,"
"
IUCAT_ThroughC_SendtoDatabase_reviewed_20171101.csv,30000136724907,356,"
"
IUCAT_ThroughC_SendtoDatabase_reviewed_20171101.csv,30000068469588,357,"
"
IUCAT_ThroughC_SendtoDatabase_reviewed_20171101.csv,30000147503191,982,"
"
IUCAT_ThroughC_SendtoDatabase_reviewed_20171101.csv,30000147502482,983,"
"
IUCAT_ThroughC_SendtoDatabase_reviewed_20171101.csv,30000147501245,1139,"
"
IUCAT_ThroughC_SendtoDatabase_reviewed_20171101.csv,30000136820622,1188,"
"
IUCAT_ThroughC_SendtoDatabase_reviewed_20171101.csv,30000136807504,1189,"
"
IUCAT_ThroughC_SendtoDatabase_reviewed_20171101.csv,30000136807470,1190,"
"
IUCAT_ThroughC_SendtoDatabase_reviewed_20171101.csv,30000136806266,1191,"
"
IUCAT_ThroughC_SendtoDatabase_reviewed_20171101.csv,30000136684762,1192,"
"
IUCAT_ThroughC_SendtoDatabase_reviewed_20171101.csv,30000077539918,1193,"
"
IUCAT_ThroughC_SendtoDatabase_reviewed_20171101.csv,30000136949421,1194,"
"
IUCAT_ThroughC_SendtoDatabase_reviewed_20171101.csv,30000136948027,1195,"
"
IUCAT_ThroughC_SendtoDatabase_reviewed_20171101.csv,30000136807553,1196,"
"
IUCAT_ThroughC_SendtoDatabase_reviewed_20171101.csv,30000136807538,1197,"
"
IUCAT_ThroughC_SendtoDatabase_reviewed_20171101.csv,30000136806274,1198,"
"
IUCAT_ThroughC_SendtoDatabase_reviewed_20171101.csv,30000136798984,1199,"
"
IUCAT_ThroughC_SendtoDatabase_reviewed_20171101.csv,30000136684671,1200,"
"
IUCAT_ThroughC_SendtoDatabase_reviewed_20171101.csv,30000077539900,1201,"
"
IUCAT_ThroughC_SendtoDatabase_reviewed_20171101.csv,30000136928805,1202,"
"
IUCAT_ThroughC_SendtoDatabase_reviewed_20171101.csv,30000136807561,1203,"
"
IUCAT_ThroughC_SendtoDatabase_reviewed_20171101.csv,30000136807512,1204,"
"
IUCAT_ThroughC_SendtoDatabase_reviewed_20171101.csv,30000136806282,1205,"
"
IUCAT_ThroughC_SendtoDatabase_reviewed_20171101.csv,30000077539892,1206,"
"
IUCAT_ThroughC_SendtoDatabase_reviewed_20171101.csv,30000077539884,1207,"
"
IUCAT_ThroughC_SendtoDatabase_reviewed_20171101.csv,30000136928771,1208,"
"
IUCAT_ThroughC_SendtoDatabase_reviewed_20171101.csv,30000136807462,1209,"
"
IUCAT_ThroughC_SendtoDatabase_reviewed_20171101.csv,30000136807447,1210,"
"
IUCAT_ThroughC_SendtoDatabase_reviewed_20171101.csv,30000136806290,1211,"
"
IUCAT_ThroughC_SendtoDatabase_reviewed_20171101.csv,30000136798992,1212,"
"
IUCAT_ThroughC_SendtoDatabase_reviewed_20171101.csv,30000136794504,1213,"
"
IUCAT_ThroughC_SendtoDatabase_reviewed_20171101.csv,30000136685215,1214,"
"
IUCAT_ThroughC_SendtoDatabase_reviewed_20171101.csv,30000077539868,1215,"
"
IUCAT_ThroughC_SendtoDatabase_reviewed_20171101.csv,30000136949678,1216,"
"
IUCAT_ThroughC_SendtoDatabase_reviewed_20171101.csv,30000136807587,1217,"
"
IUCAT_ThroughC_SendtoDatabase_reviewed_20171101.csv,30000136807454,1218,"
"
IUCAT_ThroughC_SendtoDatabase_reviewed_20171101.csv,30000136806241,1219,"
"
IUCAT_ThroughC_SendtoDatabase_reviewed_20171101.csv,30000136791666,1220,"
"
IUCAT_ThroughC_SendtoDatabase_reviewed_20171101.csv,30000136791468,1221,"
"
IUCAT_ThroughC_SendtoDatabase_reviewed_20171101.csv,30000136685819,1222,"
"
IUCAT_ThroughC_SendtoDatabase_reviewed_20171101.csv,30000077539850,1223,"
"
IUCAT_ThroughC_SendtoDatabase_reviewed_20171101.csv,30000136949371,1224,"
"
IUCAT_ThroughC_SendtoDatabase_reviewed_20171101.csv,30000136807595,1225,"
"
IUCAT_ThroughC_SendtoDatabase_reviewed_20171101.csv,30000136807496,1226,"
"
IUCAT_ThroughC_SendtoDatabase_reviewed_20171101.csv,30000136805599,1227,"
"
IUCAT_ThroughC_SendtoDatabase_reviewed_20171101.csv,30000136794876,1228,"
"
IUCAT_ThroughC_SendtoDatabase_reviewed_20171101.csv,30000136685827,1229,"
"
IUCAT_ThroughC_SendtoDatabase_reviewed_20171101.csv,30000077539843,1230,"
"
IUCAT_ThroughC_SendtoDatabase_reviewed_20171101.csv,30000136949454,1231,"
"
IUCAT_ThroughC_SendtoDatabase_reviewed_20171101.csv,30000136807579,1232,"
"
IUCAT_ThroughC_SendtoDatabase_reviewed_20171101.csv,30000136807439,1233,"
"
IUCAT_ThroughC_SendtoDatabase_reviewed_20171101.csv,30000136806258,1234,"
"
IUCAT_ThroughC_SendtoDatabase_reviewed_20171101.csv,30000136791633,1235,"
"
IUCAT_ThroughC_SendtoDatabase_reviewed_20171101.csv,30000136685249,1236,"
"
IUCAT_ThroughC_SendtoDatabase_reviewed_20171101.csv,30000077540072,1237,"
"
IUCAT_ThroughC_SendtoDatabase_reviewed_20171101.csv,30000136928763,1238,"
"
IUCAT_ThroughC_SendtoDatabase_reviewed_20171101.csv,30000136806902,1239,"
"
IUCAT_ThroughC_SendtoDatabase_reviewed_20171101.csv,30000136806852,1240,"
"
IUCAT_ThroughC_SendtoDatabase_reviewed_20171101.csv,30000136805565,1241,"
"
IUCAT_ThroughC_SendtoDatabase_reviewed_20171101.csv,30000136685306,1242,"
"
IUCAT_ThroughC_SendtoDatabase_reviewed_20171101.csv,30000077540064,1243,"
"
IUCAT_ThroughC_SendtoDatabase_reviewed_20171101.csv,30000136807389,1244,"
"
IUCAT_ThroughC_SendtoDatabase_reviewed_20171101.csv,30000136807231,1245,"
"
IUCAT_ThroughC_SendtoDatabase_reviewed_20171101.csv,30000136807132,1246,"
"
IUCAT_ThroughC_SendtoDatabase_reviewed_20171101.csv,30000136805607,1247,"
"
IUCAT_ThroughC_SendtoDatabase_reviewed_20171101.csv,30000136685298,1248,"
"
IUCAT_ThroughC_SendtoDatabase_reviewed_20171101.csv,30000077540056,1249,"
"
IUCAT_ThroughC_SendtoDatabase_reviewed_20171101.csv,30000136928789,1250,"
"
IUCAT_ThroughC_SendtoDatabase_reviewed_20171101.csv,30000136807124,1251,"
"
IUCAT_ThroughC_SendtoDatabase_reviewed_20171101.csv,30000136807108,1252,"
"
IUCAT_ThroughC_SendtoDatabase_reviewed_20171101.csv,30000136806217,1253,"
"
IUCAT_ThroughC_SendtoDatabase_reviewed_20171101.csv,30000136685207,1254,"
"
IUCAT_ThroughC_SendtoDatabase_reviewed_20171101.csv,30000077540049,1255,"
"
IUCAT_ThroughC_SendtoDatabase_reviewed_20171101.csv,30000136928755,1256,"
"
IUCAT_ThroughC_SendtoDatabase_reviewed_20171101.csv,30000136807116,1257,"
"
IUCAT_ThroughC_SendtoDatabase_reviewed_20171101.csv,30000136807074,1258,"
"
IUCAT_ThroughC_SendtoDatabase_reviewed_20171101.csv,30000136806175,1259,"
"
IUCAT_ThroughC_SendtoDatabase_reviewed_20171101.csv,30000136794371,1260,"
"
IUCAT_ThroughC_SendtoDatabase_reviewed_20171101.csv,30000136685280,1261,"
"
IUCAT_ThroughC_SendtoDatabase_reviewed_20171101.csv,30000077540031,1262,"
"
IUCAT_ThroughC_SendtoDatabase_reviewed_20171101.csv,30000136928797,1269,"
"
IUCAT_ThroughC_SendtoDatabase_reviewed_20171101.csv,30000136807082,1270,"
"
IUCAT_ThroughC_SendtoDatabase_reviewed_20171101.csv,30000136807041,1271,"
"
IUCAT_ThroughC_SendtoDatabase_reviewed_20171101.csv,30000136806167,1272,"
"
IUCAT_ThroughC_SendtoDatabase_reviewed_20171101.csv,30000136792029,1273,"
"
IUCAT_ThroughC_SendtoDatabase_reviewed_20171101.csv,30000136792011,1274,"
"
IUCAT_ThroughC_SendtoDatabase_reviewed_20171101.csv,30000136685264,1275,"
"
IUCAT_ThroughC_SendtoDatabase_reviewed_20171101.csv,30000077540015,1276,"
"
IUCAT_ThroughC_SendtoDatabase_reviewed_20171101.csv,30000136696014,1396,"
"
IUCAT_ThroughC_SendtoDatabase_reviewed_20171101.csv,30000136686601,1397,"
"
IUCAT_ThroughC_SendtoDatabase_reviewed_20171101.csv,30000136696022,1398,"
"
IUCAT_ThroughC_SendtoDatabase_reviewed_20171101.csv,30000136686619,1399,"
"
IUCAT_ThroughC_SendtoDatabase_reviewed_20171101.csv,30000136696055,1400,"
"
IUCAT_ThroughC_SendtoDatabase_reviewed_20171101.csv,30000136686643,1401,"
"
IUCAT_ThroughC_SendtoDatabase_reviewed_20171101.csv,30000136696063,1402,"
"
IUCAT_ThroughC_SendtoDatabase_reviewed_20171101.csv,30000136686650,1403,"
"
IUCAT_ThroughC_SendtoDatabase_reviewed_20171101.csv,30000079812719,1757,"
"
IUCAT_ThroughC_SendtoDatabase_reviewed_20171101.csv,30000079812701,1758,"
"
IUCAT_ThroughC_SendtoDatabase_reviewed_20171101.csv,30000136718560,1767,"
"
IUCAT_ThroughC_SendtoDatabase_reviewed_20171101.csv,30000136912676,1774,"
"
IUCAT_ThroughC_SendtoDatabase_reviewed_20171101.csv,30000136806514,1775,"
"
IUCAT_ThroughC_SendtoDatabase_reviewed_20171101.csv,30000136680018,1776,"
"
IUCAT_ThroughC_SendtoDatabase_reviewed_20171101.csv,30000136680000,1777,"
"
IUCAT_ThroughC_SendtoDatabase_reviewed_20171101.csv,30000147505618,1785,"
"
IUCAT_ThroughP_SendtoDatabase_reviewed_20171222.csv,30000136607482,3,"
"
IUCAT_ThroughP_SendtoDatabase_reviewed_20171222.csv,30000077542300,17,"
"
IUCAT_ThroughP_SendtoDatabase_reviewed_20171222.csv,30000147506467,18,"
"
IUCAT_ThroughP_SendtoDatabase_reviewed_20171222.csv,30000136644600,668,"
"
IUCAT_ThroughP_SendtoDatabase_reviewed_20171222.csv,30000136644618,669,"
"
IUCAT_ThroughP_SendtoDatabase_reviewed_20171222.csv,30000136645292,670,"
"
IUCAT_ThroughP_SendtoDatabase_reviewed_20171222.csv,30000136645433,671,"
"
IUCAT_ThroughP_SendtoDatabase_reviewed_20171222.csv,30000136644576,672,"
"
IUCAT_ThroughP_SendtoDatabase_reviewed_20171222.csv,30000136644584,673,"
"
IUCAT_ThroughP_SendtoDatabase_reviewed_20171222.csv,30000136645052,674,"
"
IUCAT_ThroughP_SendtoDatabase_reviewed_20171222.csv,30000136645060,675,"
"
IUCAT_ThroughP_SendtoDatabase_reviewed_20171222.csv,30000136645102,676,"
"
IUCAT_ThroughP_SendtoDatabase_reviewed_20171222.csv,30000136644162,677,"
"
IUCAT_ThroughP_SendtoDatabase_reviewed_20171222.csv,30000136644170,678,"
"
IUCAT_ThroughP_SendtoDatabase_reviewed_20171222.csv,30000136644386,679,"
"
IUCAT_ThroughP_SendtoDatabase_reviewed_20171222.csv,30000136644394,680,"
"
IUCAT_ThroughP_SendtoDatabase_reviewed_20171222.csv,30000136644410,681,"
"
IUCAT_ThroughP_SendtoDatabase_reviewed_20171222.csv,30000136644402,682,"
"
IUCAT_ThroughP_SendtoDatabase_reviewed_20171222.csv,30000136644428,683,"
"
IUCAT_ThroughP_SendtoDatabase_reviewed_20171222.csv,30000136644436,684,"
"
IUCAT_ThroughP_SendtoDatabase_reviewed_20171222.csv,30000136644444,685,"
"
IUCAT_ThroughP_SendtoDatabase_reviewed_20171222.csv,30000136644477,686,"
"
IUCAT_ThroughP_SendtoDatabase_reviewed_20171222.csv,30000136644451,687,"
"
IUCAT_ThroughP_SendtoDatabase_reviewed_20171222.csv,30000136644469,688,"
"
IUCAT_ThroughP_SendtoDatabase_reviewed_20171222.csv,30000136644709,689,"
"
IUCAT_ThroughP_SendtoDatabase_reviewed_20171222.csv,30000136644717,690,"
"
IUCAT_ThroughP_SendtoDatabase_reviewed_20171222.csv,30000136644725,691,"
"
IUCAT_ThroughP_SendtoDatabase_reviewed_20171222.csv,30000136644683,692,"
"
IUCAT_ThroughP_SendtoDatabase_reviewed_20171222.csv,30000136644691,693,"
"
IUCAT_ThroughP_SendtoDatabase_reviewed_20171222.csv,30000136644667,694,"
"
IUCAT_ThroughP_SendtoDatabase_reviewed_20171222.csv,30000136644642,695,"
"
IUCAT_ThroughP_SendtoDatabase_reviewed_20171222.csv,30000136644675,696,"
"
IUCAT_ThroughP_SendtoDatabase_reviewed_20171222.csv,30000136644659,697,"
"
IUCAT_ThroughP_SendtoDatabase_reviewed_20171222.csv,30000136644188,698,"
"
IUCAT_ThroughP_SendtoDatabase_reviewed_20171222.csv,30000136644196,699,"
"
IUCAT_ThroughP_SendtoDatabase_reviewed_20171222.csv,30000136644212,700,"
"
IUCAT_ThroughP_SendtoDatabase_reviewed_20171222.csv,30000136644626,701,"
"
IUCAT_ThroughP_SendtoDatabase_reviewed_20171222.csv,30000136644634,702,"
"
IUCAT_ThroughP_SendtoDatabase_reviewed_20171222.csv,30000136644592,703,"
"
IUCAT_ThroughP_SendtoDatabase_reviewed_20171222.csv,30000136644568,704,"
"
IUCAT_ThroughP_SendtoDatabase_reviewed_20171222.csv,30000136644527,705,"
"
IUCAT_ThroughP_SendtoDatabase_reviewed_20171222.csv,30000136644535,706,"
"
IUCAT_ThroughP_SendtoDatabase_reviewed_20171222.csv,30000136644519,707,"
"
IUCAT_ThroughP_SendtoDatabase_reviewed_20171222.csv,30000136644501,708,"
"
IUCAT_ThroughP_SendtoDatabase_reviewed_20171222.csv,30000136644204,709,"
"
IUCAT_ThroughP_SendtoDatabase_reviewed_20171222.csv,30000136644485,710,"
"
IUCAT_ThroughP_SendtoDatabase_reviewed_20171222.csv,30000136644493,711,"
"
IUCAT_ThroughP_SendtoDatabase_reviewed_20171222.csv,30000136644741,712,"
"
IUCAT_ThroughP_SendtoDatabase_reviewed_20171222.csv,30000136644733,713,"
"
IUCAT_ThroughP_SendtoDatabase_reviewed_20171222.csv,30000136644758,714,"
"
IUCAT_ThroughP_SendtoDatabase_reviewed_20171222.csv,30000136644766,715,"
"
IUCAT_ThroughP_SendtoDatabase_reviewed_20171222.csv,30000136644774,716,"
"
IUCAT_ThroughP_SendtoDatabase_reviewed_20171222.csv,30000136644782,717,"
"
IUCAT_ThroughP_SendtoDatabase_reviewed_20171222.csv,30000136644808,718,"
"
IUCAT_ThroughP_SendtoDatabase_reviewed_20171222.csv,30000136644790,719,"
"
IUCAT_ThroughP_SendtoDatabase_reviewed_20171222.csv,30000136644816,720,"
"
IUCAT_ThroughP_SendtoDatabase_reviewed_20171222.csv,30000136644824,721,"
"
IUCAT_ThroughP_SendtoDatabase_reviewed_20171222.csv,30000136644832,722,"
"
IUCAT_ThroughP_SendtoDatabase_reviewed_20171222.csv,30000136644840,723,"
"
IUCAT_ThroughP_SendtoDatabase_reviewed_20171222.csv,30000136644865,724,"
"
IUCAT_ThroughP_SendtoDatabase_reviewed_20171222.csv,30000136644857,725,"
"
IUCAT_ThroughP_SendtoDatabase_reviewed_20171222.csv,30000136644873,726,"
"
IUCAT_ThroughP_SendtoDatabase_reviewed_20171222.csv,30000136644881,727,"
"
IUCAT_ThroughP_SendtoDatabase_reviewed_20171222.csv,30000136644907,728,"
"
IUCAT_ThroughP_SendtoDatabase_reviewed_20171222.csv,30000136644899,729,"
"
IUCAT_ThroughP_SendtoDatabase_reviewed_20171222.csv,30000136644923,730,"
"
IUCAT_ThroughP_SendtoDatabase_reviewed_20171222.csv,30000136644220,731,"
"
IUCAT_ThroughP_SendtoDatabase_reviewed_20171222.csv,30000136644238,732,"
"
IUCAT_ThroughP_SendtoDatabase_reviewed_20171222.csv,30000136644915,733,"
"
IUCAT_ThroughP_SendtoDatabase_reviewed_20171222.csv,30000136644956,734,"
"
IUCAT_ThroughP_SendtoDatabase_reviewed_20171222.csv,30000136644931,735,"
"
IUCAT_ThroughP_SendtoDatabase_reviewed_20171222.csv,30000136644972,736,"
"
IUCAT_ThroughP_SendtoDatabase_reviewed_20171222.csv,30000136644980,737,"
"
IUCAT_ThroughP_SendtoDatabase_reviewed_20171222.csv,30000136644949,738,"
"
IUCAT_ThroughP_SendtoDatabase_reviewed_20171222.csv,30000136644964,739,"
"
IUCAT_ThroughP_SendtoDatabase_reviewed_20171222.csv,30000136645219,740,"
"
IUCAT_ThroughP_SendtoDatabase_reviewed_20171222.csv,30000136645193,741,"
"
IUCAT_ThroughP_SendtoDatabase_reviewed_20171222.csv,30000136645227,742,"
"
IUCAT_ThroughP_SendtoDatabase_reviewed_20171222.csv,30000136645185,743,"
"
IUCAT_ThroughP_SendtoDatabase_reviewed_20171222.csv,30000136645151,744,"
"
IUCAT_ThroughP_SendtoDatabase_reviewed_20171222.csv,30000136645136,745,"
"
IUCAT_ThroughP_SendtoDatabase_reviewed_20171222.csv,30000136645169,746,"
"
IUCAT_ThroughP_SendtoDatabase_reviewed_20171222.csv,30000136644246,747,"
"
IUCAT_ThroughP_SendtoDatabase_reviewed_20171222.csv,30000136644253,748,"
"
IUCAT_ThroughP_SendtoDatabase_reviewed_20171222.csv,30000136644279,749,"
"
IUCAT_ThroughP_SendtoDatabase_reviewed_20171222.csv,30000136645144,750,"
"
IUCAT_ThroughP_SendtoDatabase_reviewed_20171222.csv,30000136645094,751,"
"
IUCAT_ThroughP_SendtoDatabase_reviewed_20171222.csv,30000136645128,752,"
"
IUCAT_ThroughP_SendtoDatabase_reviewed_20171222.csv,30000136645078,753,"
"
IUCAT_ThroughP_SendtoDatabase_reviewed_20171222.csv,30000136645086,754,"
"
IUCAT_ThroughP_SendtoDatabase_reviewed_20171222.csv,30000136645037,755,"
"
IUCAT_ThroughP_SendtoDatabase_reviewed_20171222.csv,30000136645045,756,"
"
IUCAT_ThroughP_SendtoDatabase_reviewed_20171222.csv,30000136645011,757,"
"
IUCAT_ThroughP_SendtoDatabase_reviewed_20171222.csv,30000136645029,758,"
"
IUCAT_ThroughP_SendtoDatabase_reviewed_20171222.csv,30000136644998,759,"
"
IUCAT_ThroughP_SendtoDatabase_reviewed_20171222.csv,30000136645003,760,"
"
IUCAT_ThroughP_SendtoDatabase_reviewed_20171222.csv,30000136645540,761,"
"
IUCAT_ThroughP_SendtoDatabase_reviewed_20171222.csv,30000136645557,762,"
"
IUCAT_ThroughP_SendtoDatabase_reviewed_20171222.csv,30000136644261,763,"
"
IUCAT_ThroughP_SendtoDatabase_reviewed_20171222.csv,30000136644287,764,"
"
IUCAT_ThroughP_SendtoDatabase_reviewed_20171222.csv,30000136644295,765,"
"
IUCAT_ThroughP_SendtoDatabase_reviewed_20171222.csv,30000136645524,766,"
"
IUCAT_ThroughP_SendtoDatabase_reviewed_20171222.csv,30000136645532,767,"
"
IUCAT_ThroughP_SendtoDatabase_reviewed_20171222.csv,30000136645508,768,"
"
IUCAT_ThroughP_SendtoDatabase_reviewed_20171222.csv,30000136645516,769,"
"
IUCAT_ThroughP_SendtoDatabase_reviewed_20171222.csv,30000136645482,770,"
"
IUCAT_ThroughP_SendtoDatabase_reviewed_20171222.csv,30000136645490,771,"
"
IUCAT_ThroughP_SendtoDatabase_reviewed_20171222.csv,30000136645466,772,"
"
IUCAT_ThroughP_SendtoDatabase_reviewed_20171222.csv,30000136645441,773,"
"
IUCAT_ThroughP_SendtoDatabase_reviewed_20171222.csv,30000136645474,774,"
"
IUCAT_ThroughP_SendtoDatabase_reviewed_20171222.csv,30000136645276,775,"
"
IUCAT_ThroughP_SendtoDatabase_reviewed_20171222.csv,30000136645300,776,"
"
IUCAT_ThroughP_SendtoDatabase_reviewed_20171222.csv,30000136645250,777,"
"
IUCAT_ThroughP_SendtoDatabase_reviewed_20171222.csv,30000136645284,778,"
"
IUCAT_ThroughP_SendtoDatabase_reviewed_20171222.csv,30000136645235,779,"
"
IUCAT_ThroughP_SendtoDatabase_reviewed_20171222.csv,30000136645268,780,"
"
IUCAT_ThroughP_SendtoDatabase_reviewed_20171222.csv,30000136645243,781,"
"
IUCAT_ThroughP_SendtoDatabase_reviewed_20171222.csv,30000136645722,782,"
"
IUCAT_ThroughP_SendtoDatabase_reviewed_20171222.csv,30000136645748,783,"
"
IUCAT_ThroughP_SendtoDatabase_reviewed_20171222.csv,30000136645698,784,"
"
IUCAT_ThroughP_SendtoDatabase_reviewed_20171222.csv,30000136645730,785,"
"
IUCAT_ThroughP_SendtoDatabase_reviewed_20171222.csv,30000136645714,786,"
"
IUCAT_ThroughP_SendtoDatabase_reviewed_20171222.csv,30000136645839,787,"
"
IUCAT_ThroughP_SendtoDatabase_reviewed_20171222.csv,30000136645821,788,"
"
IUCAT_ThroughP_SendtoDatabase_reviewed_20171222.csv,30000136645847,789,"
"
IUCAT_ThroughP_SendtoDatabase_reviewed_20171222.csv,30000136645854,790,"
"
IUCAT_ThroughP_SendtoDatabase_reviewed_20171222.csv,30000136645862,791,"
"
IUCAT_ThroughP_SendtoDatabase_reviewed_20171222.csv,30000136645870,792,"
"
IUCAT_ThroughP_SendtoDatabase_reviewed_20171222.csv,30000136645888,793,"
"
IUCAT_ThroughP_SendtoDatabase_reviewed_20171222.csv,30000136644329,794,"
"
IUCAT_ThroughP_SendtoDatabase_reviewed_20171222.csv,30000136644345,795,"
"
IUCAT_ThroughP_SendtoDatabase_reviewed_20171222.csv,30000136644352,796,"
"
IUCAT_ThroughP_SendtoDatabase_reviewed_20171222.csv,30000136645904,797,"
"
IUCAT_ThroughP_SendtoDatabase_reviewed_20171222.csv,30000136644360,798,"
"
IUCAT_ThroughP_SendtoDatabase_reviewed_20171222.csv,30000136644378,799,"
"
IUCAT_ThroughP_SendtoDatabase_reviewed_20171222.csv,30000136645177,800,"
"
IUCAT_ThroughP_SendtoDatabase_reviewed_20171222.csv,30000136645201,801,"
"
IUCAT_ThroughP_SendtoDatabase_reviewed_20171222.csv,30000136645318,802,"
"
IUCAT_ThroughP_SendtoDatabase_reviewed_20171222.csv,30000136645458,803,"
"
IUCAT_ThroughP_SendtoDatabase_reviewed_20171222.csv,30000136644303,804,"
"
IUCAT_ThroughP_SendtoDatabase_reviewed_20171222.csv,30000136644311,805,"
"
IUCAT_ThroughP_SendtoDatabase_reviewed_20171222.csv,30000136644337,806,"
"
IUCAT_ThroughP_SendtoDatabase_reviewed_20171222.csv,30000136644543,807,"
"
IUCAT_ThroughP_SendtoDatabase_reviewed_20171222.csv,30000136644550,808,"
"
IUCAT_ThroughP_SendtoDatabase_reviewed_20171222.csv,30000136645110,809,"
"
IUCAT_ThroughP_SendtoDatabase_reviewed_20171222.csv,30000136714155,1158,"
"
IUCAT_ThroughP_SendtoDatabase_reviewed_20171222.csv,30000136714163,1159,"
"
IUCAT_ThroughP_SendtoDatabase_reviewed_20171222.csv,30000136714221,1160,"
"
IUCAT_ThroughP_SendtoDatabase_reviewed_20171222.csv,30000136714239,1161,"
"
IUCAT_ThroughP_SendtoDatabase_reviewed_20171222.csv,30000136714247,1162,"
"
IUCAT_ThroughP_SendtoDatabase_reviewed_20171222.csv,30000136714254,1163,"
"
IUCAT_ThroughP_SendtoDatabase_reviewed_20171222.csv,30000136714262,1164,"
"
IUCAT_ThroughP_SendtoDatabase_reviewed_20171222.csv,30000136714270,1165,"
"
IUCAT_ThroughP_SendtoDatabase_reviewed_20171222.csv,30000136714296,1166,"
"
IUCAT_ThroughP_SendtoDatabase_reviewed_20171222.csv,30000136714130,1167,"
"
IUCAT_ThroughP_SendtoDatabase_reviewed_20171222.csv,30000136714148,1168,"
"
IUCAT_ThroughP_SendtoDatabase_reviewed_20171222.csv,30000136714122,1169,"
"
IUCAT_ThroughP_SendtoDatabase_reviewed_20171222.csv,30000136714114,1170,"
"
IUCAT_ThroughP_SendtoDatabase_reviewed_20171222.csv,30000136714189,1171,"
"
IUCAT_ThroughP_SendtoDatabase_reviewed_20171222.csv,30000136714197,1172,"
"
IUCAT_ThroughP_SendtoDatabase_reviewed_20171222.csv,30000136714171,1173,"
"
IUCAT_ThroughP_SendtoDatabase_reviewed_20171222.csv,30000136714205,1174,"
"
IUCAT_ThroughP_SendtoDatabase_reviewed_20171222.csv,30000136910175,1175,"
"
IUCAT_ThroughP_SendtoDatabase_reviewed_20171222.csv,30000136682923,1273,"
"
IUCAT_ThroughP_SendtoDatabase_reviewed_20171222.csv,30000136685884,1274,"
"
IUCAT_ThroughP_SendtoDatabase_reviewed_20171222.csv,30000136808114,1275,"
"
IUCAT_ThroughP_SendtoDatabase_reviewed_20171222.csv,30000136825449,1276,"
"
IUCAT_ThroughP_SendtoDatabase_reviewed_20171222.csv,30000136825456,1277,"
"
IUCAT_ThroughP_SendtoDatabase_reviewed_20171222.csv,30000149791778,1278,"
"
IUCAT_ThroughP_SendtoDatabase_reviewed_20171222.csv,30000136682931,1279,"
"
IUCAT_ThroughP_SendtoDatabase_reviewed_20171222.csv,30000136793472,1280,"
"
IUCAT_ThroughP_SendtoDatabase_reviewed_20171222.csv,30000136793480,1281,"
"
IUCAT_ThroughP_SendtoDatabase_reviewed_20171222.csv,30000136793498,1282,"
"
IUCAT_ThroughP_SendtoDatabase_reviewed_20171222.csv,30000136825464,1283,"
"
IUCAT_ThroughP_SendtoDatabase_reviewed_20171222.csv,30000136825480,1284,"
"
IUCAT_ThroughP_SendtoDatabase_reviewed_20171222.csv,30000136825506,1285,"
"
IUCAT_ThroughP_SendtoDatabase_reviewed_20171222.csv,30000136825522,1286,"
"
IUCAT_ThroughP_SendtoDatabase_reviewed_20171222.csv,30000136682949,1287,"
"
IUCAT_ThroughP_SendtoDatabase_reviewed_20171222.csv,30000136793456,1288,"
"
IUCAT_ThroughP_SendtoDatabase_reviewed_20171222.csv,30000136793464,1289,"
"
IUCAT_ThroughP_SendtoDatabase_reviewed_20171222.csv,30000136793506,1290,"
"
IUCAT_ThroughP_SendtoDatabase_reviewed_20171222.csv,30000136825472,1291,"
"
IUCAT_ThroughP_SendtoDatabase_reviewed_20171222.csv,30000136825498,1292,"
"
IUCAT_ThroughP_SendtoDatabase_reviewed_20171222.csv,30000136825514,1293,"
"
IUCAT_ThroughP_SendtoDatabase_reviewed_20171222.csv,30000136825530,1294,"
"
IUCAT_ThroughP_SendtoDatabase_reviewed_20171222.csv,30000136682915,1295,"
"
IUCAT_ThroughP_SendtoDatabase_reviewed_20171222.csv,30000136685918,1296,"
"
IUCAT_ThroughP_SendtoDatabase_reviewed_20171222.csv,30000136825423,1297,"
"
IUCAT_ThroughP_SendtoDatabase_reviewed_20171222.csv,30000136825431,1298,"
"
IUCAT_ThroughP_SendtoDatabase_reviewed_20171222.csv,30000136682881,1299,"
"
IUCAT_ThroughP_SendtoDatabase_reviewed_20171222.csv,30000136685876,1300,"
"
IUCAT_ThroughP_SendtoDatabase_reviewed_20171222.csv,30000136793423,1301,"
"
IUCAT_ThroughP_SendtoDatabase_reviewed_20171222.csv,30000136825233,1302,"
"
IUCAT_ThroughP_SendtoDatabase_reviewed_20171222.csv,30000136825258,1303,"
"
IUCAT_ThroughP_SendtoDatabase_reviewed_20171222.csv,30000136825282,1304,"
"
IUCAT_ThroughP_SendtoDatabase_reviewed_20171222.csv,30000136825316,1305,"
"
IUCAT_ThroughP_SendtoDatabase_reviewed_20171222.csv,30000149790606,1306,"
"
IUCAT_ThroughP_SendtoDatabase_reviewed_20171222.csv,30000136682899,1307,"
"
IUCAT_ThroughP_SendtoDatabase_reviewed_20171222.csv,30000136825241,1308,"
"
IUCAT_ThroughP_SendtoDatabase_reviewed_20171222.csv,30000136825266,1309,"
"
IUCAT_ThroughP_SendtoDatabase_reviewed_20171222.csv,30000136825290,1310,"
"
IUCAT_ThroughP_SendtoDatabase_reviewed_20171222.csv,30000136825324,1311,"
"
IUCAT_ThroughP_SendtoDatabase_reviewed_20171222.csv,30000136682907,1312,"
"
IUCAT_ThroughP_SendtoDatabase_reviewed_20171222.csv,30000136825225,1313,"
"
IUCAT_ThroughP_SendtoDatabase_reviewed_20171222.csv,30000136825274,1314,"
"
IUCAT_ThroughP_SendtoDatabase_reviewed_20171222.csv,30000136825308,1315,"
"
IUCAT_ThroughP_SendtoDatabase_reviewed_20171222.csv,30000136825332,1316,"
"
IUCAT_ThroughP_SendtoDatabase_reviewed_20171222.csv,30000136682956,1317,"
"
IUCAT_ThroughP_SendtoDatabase_reviewed_20171222.csv,30000136685843,1318,"
"
IUCAT_ThroughP_SendtoDatabase_reviewed_20171222.csv,30000136793993,1319,"
"
IUCAT_ThroughP_SendtoDatabase_reviewed_20171222.csv,30000136796111,1320,"
"
IUCAT_ThroughP_SendtoDatabase_reviewed_20171222.csv,30000136808106,1321,"
"
IUCAT_ThroughP_SendtoDatabase_reviewed_20171222.csv,30000136808189,1322,"
"
IUCAT_ThroughP_SendtoDatabase_reviewed_20171222.csv,30000136825621,1323,"
"
IUCAT_ThroughP_SendtoDatabase_reviewed_20171222.csv,30000136825647,1324,"
"
IUCAT_ThroughP_SendtoDatabase_reviewed_20171222.csv,30000136682964,1325,"
"
IUCAT_ThroughP_SendtoDatabase_reviewed_20171222.csv,30000136685868,1326,"
"
IUCAT_ThroughP_SendtoDatabase_reviewed_20171222.csv,30000136793852,1327,"
"
IUCAT_ThroughP_SendtoDatabase_reviewed_20171222.csv,30000136797457,1328,"
"
IUCAT_ThroughP_SendtoDatabase_reviewed_20171222.csv,30000136820283,1329,"
"
IUCAT_ThroughP_SendtoDatabase_reviewed_20171222.csv,30000136825639,1330,"
"
IUCAT_ThroughP_SendtoDatabase_reviewed_20171222.csv,30000136825654,1331,"
"
IUCAT_ThroughP_SendtoDatabase_reviewed_20171222.csv,30000079838623,1349,"
"
IUCAT_ThroughP_SendtoDatabase_reviewed_20171222.csv,30000079838631,1350,"
"
Library of Congress Collection Inventory_SendtoDatabase_reviewed_20171218.csv,30000149799367,23,"
"
Library of Congress Collection Inventory_SendtoDatabase_reviewed_20171218.csv,30000149787941,24,"
"
Library of Congress Collection Inventory_SendtoDatabase_reviewed_20171218.csv,30000149798088,191,"
"
Library of Congress Collection Inventory_SendtoDatabase_reviewed_20171218.csv,30000149799060,192,"
"
Library of Congress Collection Inventory_SendtoDatabase_reviewed_20171218.csv,30000149799003,240,"
"
Library of Congress Collection Inventory_SendtoDatabase_reviewed_20171218.csv,30000149795050,241,"
"
Library of Congress Collection Inventory_SendtoDatabase_reviewed_20171218.csv,30000149796140,509,"
"
Library of Congress Collection Inventory_SendtoDatabase_reviewed_20171218.csv,30000149799102,510,"
"
Lane County Educational Services Collection_NOTinIUCAT_REVIEWED_20180126.csv,30000147495554,141,"
"
Lane County Educational Services Collection_NOTinIUCAT_REVIEWED_20180126.csv,30000147496446,162,"
"
Lane County Educational Services Collection_NOTinIUCAT_REVIEWED_20180126.csv,30000147497097,183,"
"
Lane County Educational Services Collection_NOTinIUCAT_REVIEWED_20180126.csv,30000147497105,184,"
"
Lane County Educational Services Collection_NOTinIUCAT_REVIEWED_20180126.csv,30000147497113,185,"
"
Lane County Educational Services Collection_NOTinIUCAT_REVIEWED_20180126.csv,30000147497394,200,"
"
Lane County Educational Services Collection_NOTinIUCAT_REVIEWED_20180126.csv,30000147498137,222,"
"
Lane County Educational Services Collection_NOTinIUCAT_REVIEWED_20180126.csv,30000147498319,224,"
"
Lane County Educational Services Collection_NOTinIUCAT_REVIEWED_20180126.csv,30000147498384,228,"
"
IUCAT_ThroughQR_SendtoDatabase_reviewed_20171226.csv,30000147590297,20,"
"
IUCAT_ThroughQR_SendtoDatabase_reviewed_20171226.csv,30000147500130,39,"
"
IUCAT_ThroughQR_SendtoDatabase_reviewed_20171226.csv,30000136696279,277,"
"
IUCAT_ThroughQR_SendtoDatabase_reviewed_20171226.csv,30000136696261,278,"
"
IUCAT_ThroughQR_SendtoDatabase_reviewed_20171226.csv,30000136696253,279,"
"
IUCAT_ThroughQR_SendtoDatabase_reviewed_20171226.csv,30000136696246,280,"
"
IUCAT_ThroughQR_SendtoDatabase_reviewed_20171226.csv,30000136696238,281,"
"
IUCAT_ThroughQR_SendtoDatabase_reviewed_20171226.csv,30000136696220,282,"
"
IUCAT_ThroughQR_SendtoDatabase_reviewed_20171226.csv,30000136696212,283,"
"
IUCAT_ThroughQR_SendtoDatabase_reviewed_20171226.csv,30000136696204,284,"
"
IUCAT_ThroughQR_SendtoDatabase_reviewed_20171226.csv,30000136696196,285,"
"
IUCAT_ThroughQR_SendtoDatabase_reviewed_20171226.csv,30000136696188,286,"
"
IUCAT_ThroughQR_SendtoDatabase_reviewed_20171226.csv,30000136696170,287,"
"
IUCAT_ThroughQR_SendtoDatabase_reviewed_20171226.csv,30000136696162,288,"
"
IUCAT_ThroughQR_SendtoDatabase_reviewed_20171226.csv,30000136696154,289,"
"
IUCAT_ThroughQR_SendtoDatabase_reviewed_20171226.csv,30000136696147,290,"
"
IUCAT_ThroughQR_SendtoDatabase_reviewed_20171226.csv,30000136696139,291,"
"
IUCAT_ThroughQR_SendtoDatabase_reviewed_20171226.csv,30000136696121,292,"
"
IUCAT_ThroughQR_SendtoDatabase_reviewed_20171226.csv,30000136696113,293,"
"
IUCAT_ThroughQR_SendtoDatabase_reviewed_20171226.csv,30000136696105,294,"
"
IUCAT_ThroughQR_SendtoDatabase_reviewed_20171226.csv,30000136696097,295,"
"
IUCAT_ThroughQR_SendtoDatabase_reviewed_20171226.csv,30000136696089,296,"
"
IUCAT_ThroughQR_SendtoDatabase_reviewed_20171226.csv,30000136696071,297,"
"
IUCAT_ThroughQR_SendtoDatabase_reviewed_20171226.csv,30000079816785,665,"
"
IUCAT_ThroughQR_SendtoDatabase_reviewed_20171226.csv,30000079816777,666,"
"
IUCAT_ThroughQR_SendtoDatabase_reviewed_20171226.csv,30000077542946,701,"
"
